
-- Inserciones iniciales
INSERT INTO dispositivos (id, nombre, ubicacion, usuario_id) VALUES
(1, 'Refrigerador', 'Cocina', 1),
(2, 'Computadora', 'Estudio', 1),
(3, 'Calentador eléctrico', 'Baño', 1);

INSERT INTO sensores (id, dispositivo_id, tipo, mac_address) VALUES
(1, 1, 'Sensor de consumo', 'AA:BB:CC:DD:EE:01'),
(2, 2, 'Sensor de consumo', 'AA:BB:CC:DD:EE:02'),
(3, 3, 'Sensor de consumo', 'AA:BB:CC:DD:EE:03');

-- Mediciones
INSERT INTO mediciones (sensor_id, voltaje, corriente, potencia, factor_potencia, fecha_hora, frecuencia, energia) VALUES
(1, 127.43, 0.7, 74.04, 0.83, '2025-04-23 00:00:00', 60.03, 0.00617),
(1, 126.7, 0.67, 71.31, 0.84, '2025-04-23 00:05:00', 60.0, 0.00594),
(1, 126.74, 0.74, 80.66, 0.86, '2025-04-23 00:10:00', 60.04, 0.00672),
(1, 127.28, 0.72, 79.73, 0.87, '2025-04-23 00:15:00', 60.04, 0.00664),
(1, 126.51, 0.7, 76.16, 0.86, '2025-04-23 00:20:00', 60.05, 0.00635),
(1, 127.39, 0.74, 78.24, 0.83, '2025-04-23 00:25:00', 60.02, 0.00652),
(1, 127.01, 0.72, 78.64, 0.86, '2025-04-23 00:30:00', 60.0, 0.00655),
(1, 126.59, 0.69, 73.37, 0.84, '2025-04-23 00:35:00', 60.02, 0.00611),
(1, 127.14, 0.75, 81.05, 0.85, '2025-04-23 00:40:00', 60.04, 0.00675),
(1, 127.27, 0.7, 73.94, 0.83, '2025-04-23 00:45:00', 59.97, 0.00616),
(1, 127.13, 0.7, 76.53, 0.86, '2025-04-23 00:50:00', 60.0, 0.00638),
(1, 127.09, 0.67, 71.53, 0.84, '2025-04-23 00:55:00', 60.05, 0.00596),
(1, 126.72, 0.69, 73.45, 0.84, '2025-04-23 01:00:00', 60.04, 0.00612),
(1, 126.62, 0.69, 75.14, 0.86, '2025-04-23 01:05:00', 60.01, 0.00626),
(1, 127.46, 0.66, 71.51, 0.85, '2025-04-23 01:10:00', 60.03, 0.00596),
(1, 127.11, 0.68, 71.74, 0.83, '2025-04-23 01:15:00', 60.04, 0.00598),
(1, 126.93, 0.65, 70.95, 0.86, '2025-04-23 01:20:00', 59.96, 0.00591),
(1, 127.48, 0.69, 72.13, 0.82, '2025-04-23 01:25:00', 60.04, 0.00601),
(1, 126.96, 0.73, 80.63, 0.87, '2025-04-23 01:30:00', 60.0, 0.00672),
(1, 127.22, 0.73, 76.15, 0.82, '2025-04-23 01:35:00', 59.98, 0.00635),
(1, 127.22, 0.66, 71.37, 0.85, '2025-04-23 01:40:00', 59.99, 0.00595),
(1, 127.12, 0.71, 78.52, 0.87, '2025-04-23 01:45:00', 60.02, 0.00654),
(1, 126.67, 0.74, 77.8, 0.83, '2025-04-23 01:50:00', 59.95, 0.00648),
(1, 126.83, 0.72, 74.88, 0.82, '2025-04-23 01:55:00', 60.04, 0.00624),
(1, 126.79, 0.67, 70.51, 0.83, '2025-04-23 02:00:00', 60.02, 0.00588),
(1, 127.07, 0.72, 79.6, 0.87, '2025-04-23 02:05:00', 59.97, 0.00663),
(1, 127.33, 0.65, 69.52, 0.84, '2025-04-23 02:10:00', 59.99, 0.00579),
(1, 127.3, 0.68, 71.85, 0.83, '2025-04-23 02:15:00', 60.04, 0.00599),
(1, 126.61, 0.69, 71.64, 0.82, '2025-04-23 02:20:00', 60.02, 0.00597),
(1, 127.32, 0.75, 78.3, 0.82, '2025-04-23 02:25:00', 59.96, 0.00652),
(1, 126.98, 0.68, 70.8, 0.82, '2025-04-23 02:30:00', 59.95, 0.0059),
(1, 127.41, 0.69, 72.09, 0.82, '2025-04-23 02:35:00', 60.04, 0.00601),
(1, 126.73, 0.67, 70.47, 0.83, '2025-04-23 02:40:00', 60.01, 0.00587),
(1, 126.96, 0.71, 78.42, 0.87, '2025-04-23 02:45:00', 59.99, 0.00654),
(1, 127.21, 0.73, 78.93, 0.85, '2025-04-23 02:50:00', 59.96, 0.00658),
(1, 127.07, 0.7, 73.83, 0.83, '2025-04-23 02:55:00', 59.98, 0.00615),
(1, 127.28, 0.74, 81.0, 0.86, '2025-04-23 03:00:00', 60.03, 0.00675),
(1, 126.98, 0.73, 79.72, 0.86, '2025-04-23 03:05:00', 60.01, 0.00664),
(1, 127.18, 0.66, 70.51, 0.84, '2025-04-23 03:10:00', 59.97, 0.00588),
(1, 126.9, 0.74, 78.88, 0.84, '2025-04-23 03:15:00', 59.96, 0.00657),
(1, 127.2, 0.66, 72.2, 0.86, '2025-04-23 03:20:00', 59.99, 0.00602),
(1, 127.32, 0.66, 68.91, 0.82, '2025-04-23 03:25:00', 60.03, 0.00574),
(1, 127.16, 0.69, 76.33, 0.87, '2025-04-23 03:30:00', 59.99, 0.00636),
(1, 127.22, 0.71, 74.97, 0.83, '2025-04-23 03:35:00', 59.96, 0.00625),
(1, 126.88, 0.66, 71.18, 0.85, '2025-04-23 03:40:00', 59.96, 0.00593),
(1, 126.7, 0.7, 74.5, 0.84, '2025-04-23 03:45:00', 59.97, 0.00621),
(1, 126.72, 0.66, 68.58, 0.82, '2025-04-23 03:50:00', 59.98, 0.00571),
(1, 126.84, 0.7, 72.81, 0.82, '2025-04-23 03:55:00', 60.01, 0.00607),
(1, 126.64, 0.72, 78.42, 0.86, '2025-04-23 04:00:00', 60.0, 0.00654),
(1, 127.23, 0.73, 78.02, 0.84, '2025-04-23 04:05:00', 60.01, 0.0065),
(1, 126.92, 0.73, 79.68, 0.86, '2025-04-23 04:10:00', 60.03, 0.00664),
(1, 127.11, 0.69, 75.43, 0.86, '2025-04-23 04:15:00', 59.98, 0.00629),
(1, 126.87, 0.74, 80.74, 0.86, '2025-04-23 04:20:00', 59.95, 0.00673),
(1, 127.4, 0.67, 70.85, 0.83, '2025-04-23 04:25:00', 59.97, 0.0059),
(1, 127.05, 0.67, 72.35, 0.85, '2025-04-23 04:30:00', 59.98, 0.00603),
(1, 127.16, 0.7, 74.77, 0.84, '2025-04-23 04:35:00', 60.03, 0.00623),
(1, 126.51, 0.72, 78.33, 0.86, '2025-04-23 04:40:00', 60.03, 0.00653),
(1, 127.07, 0.73, 78.85, 0.85, '2025-04-23 04:45:00', 59.99, 0.00657),
(1, 126.91, 0.67, 73.13, 0.86, '2025-04-23 04:50:00', 59.99, 0.00609),
(1, 127.04, 0.69, 75.39, 0.86, '2025-04-23 04:55:00', 60.03, 0.00628),
(1, 127.17, 0.74, 78.11, 0.83, '2025-04-23 05:00:00', 60.0, 0.00651),
(1, 126.82, 0.71, 74.74, 0.83, '2025-04-23 05:05:00', 59.97, 0.00623),
(1, 127.13, 0.65, 69.41, 0.84, '2025-04-23 05:10:00', 60.0, 0.00578),
(1, 126.8, 0.68, 71.57, 0.83, '2025-04-23 05:15:00', 60.04, 0.00596),
(1, 126.59, 0.66, 69.35, 0.83, '2025-04-23 05:20:00', 59.97, 0.00578),
(1, 127.24, 0.74, 78.15, 0.83, '2025-04-23 05:25:00', 59.98, 0.00651),
(1, 126.83, 0.66, 70.31, 0.84, '2025-04-23 05:30:00', 60.01, 0.00586),
(1, 126.75, 0.68, 70.68, 0.82, '2025-04-23 05:35:00', 59.98, 0.00589),
(1, 127.5, 0.71, 77.85, 0.86, '2025-04-23 05:40:00', 59.95, 0.00649),
(1, 126.63, 0.69, 76.02, 0.87, '2025-04-23 05:45:00', 60.0, 0.00633),
(1, 127.28, 0.67, 74.19, 0.87, '2025-04-23 05:50:00', 60.02, 0.00618),
(1, 127.25, 0.7, 74.82, 0.84, '2025-04-23 05:55:00', 60.01, 0.00623),
(1, 127.47, 0.71, 76.93, 0.85, '2025-04-23 06:00:00', 60.0, 0.00641),
(3, 127.35, 1.55, 159.89, 0.81, '2025-04-23 06:00:00', 59.97, 0.01332),
(1, 127.14, 0.66, 72.16, 0.86, '2025-04-23 06:05:00', 59.97, 0.00601),
(3, 127.4, 1.49, 151.86, 0.8, '2025-04-23 06:05:00', 60.04, 0.01266),
(1, 127.37, 0.72, 77.95, 0.85, '2025-04-23 06:10:00', 60.0, 0.0065),
(3, 126.53, 1.52, 157.71, 0.82, '2025-04-23 06:10:00', 60.01, 0.01314),
(1, 126.84, 0.75, 78.96, 0.83, '2025-04-23 06:15:00', 59.97, 0.00658),
(3, 127.21, 1.48, 148.73, 0.79, '2025-04-23 06:15:00', 60.01, 0.01239),
(1, 126.81, 0.69, 71.75, 0.82, '2025-04-23 06:20:00', 60.04, 0.00598),
(3, 126.86, 1.46, 144.47, 0.78, '2025-04-23 06:20:00', 59.97, 0.01204),
(1, 126.73, 0.73, 76.79, 0.83, '2025-04-23 06:25:00', 60.04, 0.0064),
(3, 127.11, 1.52, 152.63, 0.79, '2025-04-23 06:25:00', 60.04, 0.01272),
(1, 127.43, 0.7, 74.04, 0.83, '2025-04-23 06:30:00', 59.99, 0.00617),
(3, 126.97, 1.49, 153.24, 0.81, '2025-04-23 06:30:00', 59.99, 0.01277),
(1, 127.11, 0.72, 78.71, 0.86, '2025-04-23 06:35:00', 59.98, 0.00656),
(3, 126.63, 1.54, 152.11, 0.78, '2025-04-23 06:35:00', 59.97, 0.01268),
(1, 126.94, 0.68, 71.64, 0.83, '2025-04-23 06:40:00', 59.96, 0.00597),
(3, 126.66, 1.47, 147.09, 0.79, '2025-04-23 06:40:00', 60.02, 0.01226),
(1, 126.87, 0.73, 79.65, 0.86, '2025-04-23 06:45:00', 60.02, 0.00664),
(3, 126.59, 1.49, 152.78, 0.81, '2025-04-23 06:45:00', 59.95, 0.01273),
(1, 126.79, 0.69, 75.24, 0.86, '2025-04-23 06:50:00', 60.01, 0.00627),
(3, 127.24, 1.53, 153.79, 0.79, '2025-04-23 06:50:00', 59.98, 0.01282),
(1, 126.81, 0.7, 74.56, 0.84, '2025-04-23 06:55:00', 59.97, 0.00621),
(3, 127.26, 1.47, 147.79, 0.79, '2025-04-23 06:55:00', 59.99, 0.01232),
(1, 126.9, 0.67, 73.12, 0.86, '2025-04-23 07:00:00', 60.03, 0.00609),
(2, 126.53, 0.53, 65.05, 0.97, '2025-04-23 07:00:00', 60.0, 0.00542),
(3, 127.21, 1.49, 151.63, 0.8, '2025-04-23 07:00:00', 60.01, 0.01264),
(1, 126.92, 0.66, 72.04, 0.86, '2025-04-23 07:05:00', 60.03, 0.006),
(2, 126.79, 0.49, 59.02, 0.95, '2025-04-23 07:05:00', 60.01, 0.00492),
(3, 126.88, 1.48, 146.47, 0.78, '2025-04-23 07:05:00', 59.98, 0.01221),
(1, 127.11, 0.67, 71.54, 0.84, '2025-04-23 07:10:00', 60.01, 0.00596),
(2, 126.54, 0.5, 58.84, 0.93, '2025-04-23 07:10:00', 60.02, 0.0049),
(3, 126.86, 1.45, 150.84, 0.82, '2025-04-23 07:10:00', 60.04, 0.01257),
(1, 127.25, 0.68, 74.42, 0.86, '2025-04-23 07:15:00', 59.97, 0.0062),
(2, 126.74, 0.55, 66.92, 0.96, '2025-04-23 07:15:00', 59.98, 0.00558),
(3, 127.18, 1.55, 155.73, 0.79, '2025-04-23 07:15:00', 60.04, 0.01298),
(1, 126.98, 0.66, 70.4, 0.84, '2025-04-23 07:20:00', 60.0, 0.00587),
(2, 126.83, 0.55, 67.66, 0.97, '2025-04-23 07:20:00', 60.04, 0.00564),
(3, 126.56, 1.52, 155.82, 0.81, '2025-04-23 07:20:00', 59.95, 0.01299),
(1, 126.72, 0.7, 73.62, 0.83, '2025-04-23 07:25:00', 60.03, 0.00613),
(2, 126.56, 0.54, 64.24, 0.94, '2025-04-23 07:25:00', 60.01, 0.00535),
(3, 126.75, 1.54, 160.06, 0.82, '2025-04-23 07:25:00', 59.97, 0.01334),
(1, 127.2, 0.7, 73.01, 0.82, '2025-04-23 07:30:00', 60.0, 0.00608),
(2, 126.89, 0.51, 61.48, 0.95, '2025-04-23 07:30:00', 60.04, 0.00512),
(3, 126.53, 1.52, 155.78, 0.81, '2025-04-23 07:30:00', 60.04, 0.01298),
(1, 126.97, 0.65, 68.5, 0.83, '2025-04-23 07:35:00', 59.97, 0.00571),
(2, 126.81, 0.5, 59.6, 0.94, '2025-04-23 07:35:00', 60.0, 0.00497),
(3, 127.07, 1.52, 152.59, 0.79, '2025-04-23 07:35:00', 60.0, 0.01272),
(1, 127.28, 0.7, 76.62, 0.86, '2025-04-23 07:40:00', 60.04, 0.00639),
(2, 126.68, 0.53, 63.11, 0.94, '2025-04-23 07:40:00', 60.02, 0.00526),
(3, 126.71, 1.51, 149.24, 0.78, '2025-04-23 07:40:00', 59.99, 0.01244),
(1, 126.95, 0.74, 78.91, 0.84, '2025-04-23 07:45:00', 59.96, 0.00658),
(2, 126.57, 0.51, 60.03, 0.93, '2025-04-23 07:45:00', 59.95, 0.005),
(3, 127.11, 1.5, 156.35, 0.82, '2025-04-23 07:45:00', 60.02, 0.01303),
(1, 126.86, 0.71, 77.46, 0.86, '2025-04-23 07:50:00', 60.04, 0.00645),
(2, 126.73, 0.47, 57.78, 0.97, '2025-04-23 07:50:00', 59.96, 0.00481),
(3, 127.12, 1.48, 146.75, 0.78, '2025-04-23 07:50:00', 60.03, 0.01223),
(1, 127.38, 0.72, 76.12, 0.83, '2025-04-23 07:55:00', 59.98, 0.00634),
(2, 126.9, 0.48, 57.26, 0.94, '2025-04-23 07:55:00', 60.03, 0.00477),
(3, 127.42, 1.54, 156.98, 0.8, '2025-04-23 07:55:00', 60.0, 0.01308),
(1, 126.94, 0.74, 81.72, 0.87, '2025-04-23 08:00:00', 59.99, 0.00681),
(2, 126.89, 0.49, 59.07, 0.95, '2025-04-23 08:00:00', 60.01, 0.00492),
(1, 126.81, 0.74, 79.76, 0.85, '2025-04-23 08:05:00', 59.98, 0.00665),
(2, 126.95, 0.53, 62.57, 0.93, '2025-04-23 08:05:00', 59.96, 0.00521),
(1, 127.27, 0.67, 71.63, 0.84, '2025-04-23 08:10:00', 60.05, 0.00597),
(2, 126.69, 0.52, 63.9, 0.97, '2025-04-23 08:10:00', 60.04, 0.00532),
(1, 127.37, 0.71, 75.96, 0.84, '2025-04-23 08:15:00', 59.99, 0.00633),
(2, 126.76, 0.5, 59.58, 0.94, '2025-04-23 08:15:00', 60.04, 0.00496),
(1, 126.82, 0.75, 77.99, 0.82, '2025-04-23 08:20:00', 59.99, 0.0065),
(2, 127.3, 0.53, 65.44, 0.97, '2025-04-23 08:20:00', 60.02, 0.00545),
(1, 126.98, 0.74, 79.87, 0.85, '2025-04-23 08:25:00', 59.97, 0.00666),
(2, 127.43, 0.52, 62.95, 0.95, '2025-04-23 08:25:00', 60.0, 0.00525),
(1, 127.36, 0.69, 74.7, 0.85, '2025-04-23 08:30:00', 59.96, 0.00622),
(2, 127.36, 0.49, 59.29, 0.95, '2025-04-23 08:30:00', 59.97, 0.00494),
(1, 127.43, 0.69, 76.5, 0.87, '2025-04-23 08:35:00', 60.04, 0.00637),
(2, 127.34, 0.48, 58.07, 0.95, '2025-04-23 08:35:00', 59.96, 0.00484),
(1, 127.4, 0.65, 68.73, 0.83, '2025-04-23 08:40:00', 60.03, 0.00573),
(2, 127.06, 0.53, 65.32, 0.97, '2025-04-23 08:40:00', 60.04, 0.00544),
(1, 126.54, 0.72, 79.26, 0.87, '2025-04-23 08:45:00', 60.02, 0.00661),
(2, 126.52, 0.49, 58.28, 0.94, '2025-04-23 08:45:00', 60.03, 0.00486),
(1, 127.22, 0.73, 78.01, 0.84, '2025-04-23 08:50:00', 59.96, 0.0065),
(2, 127.15, 0.53, 64.02, 0.95, '2025-04-23 08:50:00', 59.99, 0.00533),
(1, 126.78, 0.69, 73.48, 0.84, '2025-04-23 08:55:00', 60.02, 0.00612),
(2, 127.4, 0.52, 62.27, 0.94, '2025-04-23 08:55:00', 60.03, 0.00519),
(1, 126.64, 0.67, 70.42, 0.83, '2025-04-23 09:00:00', 60.02, 0.00587),
(2, 127.32, 0.46, 56.81, 0.97, '2025-04-23 09:00:00', 59.96, 0.00473),
(1, 126.65, 0.71, 74.63, 0.83, '2025-04-23 09:05:00', 60.03, 0.00622),
(2, 127.48, 0.48, 58.13, 0.95, '2025-04-23 09:05:00', 59.97, 0.00484),
(1, 127.3, 0.71, 75.92, 0.84, '2025-04-23 09:10:00', 60.01, 0.00633),
(2, 127.21, 0.46, 55.59, 0.95, '2025-04-23 09:10:00', 60.03, 0.00463),
(1, 126.51, 0.71, 77.25, 0.86, '2025-04-23 09:15:00', 60.04, 0.00644),
(2, 127.37, 0.53, 64.13, 0.95, '2025-04-23 09:15:00', 60.04, 0.00534),
(1, 127.26, 0.69, 72.88, 0.83, '2025-04-23 09:20:00', 60.03, 0.00607),
(2, 127.48, 0.52, 64.3, 0.97, '2025-04-23 09:20:00', 59.97, 0.00536),
(1, 127.03, 0.66, 72.94, 0.87, '2025-04-23 09:25:00', 60.0, 0.00608),
(2, 127.44, 0.52, 62.96, 0.95, '2025-04-23 09:25:00', 59.95, 0.00525),
(1, 127.23, 0.7, 73.92, 0.83, '2025-04-23 09:30:00', 59.99, 0.00616),
(2, 126.95, 0.46, 55.48, 0.95, '2025-04-23 09:30:00', 60.04, 0.00462),
(1, 126.61, 0.68, 71.46, 0.83, '2025-04-23 09:35:00', 60.02, 0.00595),
(2, 127.44, 0.52, 62.29, 0.94, '2025-04-23 09:35:00', 60.0, 0.00519),
(1, 127.21, 0.69, 75.49, 0.86, '2025-04-23 09:40:00', 59.97, 0.00629),
(2, 126.77, 0.51, 62.07, 0.96, '2025-04-23 09:40:00', 59.96, 0.00517),
(1, 126.83, 0.73, 80.55, 0.87, '2025-04-23 09:45:00', 60.04, 0.00671),
(2, 127.32, 0.48, 59.28, 0.97, '2025-04-23 09:45:00', 60.03, 0.00494),
(1, 127.4, 0.71, 76.89, 0.85, '2025-04-23 09:50:00', 60.0, 0.00641),
(2, 126.82, 0.45, 54.22, 0.95, '2025-04-23 09:50:00', 59.99, 0.00452),
(1, 126.58, 0.75, 79.75, 0.84, '2025-04-23 09:55:00', 60.01, 0.00665),
(2, 127.29, 0.55, 67.21, 0.96, '2025-04-23 09:55:00', 59.99, 0.0056),
(1, 126.86, 0.66, 69.49, 0.83, '2025-04-23 10:00:00', 60.03, 0.00579),
(2, 127.47, 0.49, 59.96, 0.96, '2025-04-23 10:00:00', 59.97, 0.005),
(1, 126.71, 0.69, 73.44, 0.84, '2025-04-23 10:05:00', 60.0, 0.00612),
(2, 126.94, 0.51, 60.21, 0.93, '2025-04-23 10:05:00', 59.96, 0.00502),
(1, 126.74, 0.67, 69.63, 0.82, '2025-04-23 10:10:00', 59.96, 0.0058),
(2, 126.54, 0.55, 66.12, 0.95, '2025-04-23 10:10:00', 59.96, 0.00551),
(1, 126.78, 0.74, 77.87, 0.83, '2025-04-23 10:15:00', 59.99, 0.00649),
(2, 126.56, 0.46, 54.14, 0.93, '2025-04-23 10:15:00', 60.02, 0.00451),
(1, 126.5, 0.73, 76.65, 0.83, '2025-04-23 10:20:00', 60.0, 0.00639),
(2, 127.4, 0.53, 64.15, 0.95, '2025-04-23 10:20:00', 59.97, 0.00535),
(1, 127.24, 0.7, 77.49, 0.87, '2025-04-23 10:25:00', 60.04, 0.00646),
(2, 127.36, 0.5, 59.22, 0.93, '2025-04-23 10:25:00', 59.95, 0.00493),
(1, 127.31, 0.67, 72.5, 0.85, '2025-04-23 10:30:00', 59.96, 0.00604),
(2, 126.5, 0.5, 60.09, 0.95, '2025-04-23 10:30:00', 60.04, 0.00501),
(1, 126.6, 0.74, 79.63, 0.85, '2025-04-23 10:35:00', 59.95, 0.00664),
(2, 126.7, 0.48, 57.78, 0.95, '2025-04-23 10:35:00', 60.02, 0.00481),
(1, 126.83, 0.7, 76.35, 0.86, '2025-04-23 10:40:00', 59.99, 0.00636),
(2, 127.08, 0.45, 53.75, 0.94, '2025-04-23 10:40:00', 59.98, 0.00448),
(1, 127.48, 0.7, 76.74, 0.86, '2025-04-23 10:45:00', 59.96, 0.00639),
(2, 126.63, 0.53, 63.76, 0.95, '2025-04-23 10:45:00', 60.04, 0.00531),
(1, 126.8, 0.66, 70.3, 0.84, '2025-04-23 10:50:00', 60.02, 0.00586),
(2, 126.77, 0.51, 61.42, 0.95, '2025-04-23 10:50:00', 60.0, 0.00512),
(1, 126.57, 0.72, 74.73, 0.82, '2025-04-23 10:55:00', 59.96, 0.00623),
(2, 127.01, 0.52, 64.06, 0.97, '2025-04-23 10:55:00', 59.97, 0.00534),
(1, 127.33, 0.74, 81.03, 0.86, '2025-04-23 11:00:00', 60.02, 0.00675),
(2, 126.59, 0.52, 61.88, 0.94, '2025-04-23 11:00:00', 59.99, 0.00516),
(1, 127.09, 0.7, 76.51, 0.86, '2025-04-23 11:05:00', 60.04, 0.00638),
(2, 126.8, 0.49, 59.03, 0.95, '2025-04-23 11:05:00', 60.01, 0.00492),
(1, 126.66, 0.67, 71.28, 0.84, '2025-04-23 11:10:00', 60.01, 0.00594),
(2, 127.37, 0.46, 55.66, 0.95, '2025-04-23 11:10:00', 60.05, 0.00464),
(1, 126.9, 0.73, 76.89, 0.83, '2025-04-23 11:15:00', 60.05, 0.00641),
(2, 127.37, 0.5, 61.14, 0.96, '2025-04-23 11:15:00', 59.96, 0.00509),
(1, 127.17, 0.67, 72.42, 0.85, '2025-04-23 11:20:00', 60.02, 0.00604),
(2, 127.08, 0.5, 60.36, 0.95, '2025-04-23 11:20:00', 59.96, 0.00503),
(1, 127.0, 0.69, 76.24, 0.87, '2025-04-23 11:25:00', 59.95, 0.00635),
(2, 126.51, 0.48, 58.3, 0.96, '2025-04-23 11:25:00', 59.99, 0.00486),
(1, 126.78, 0.75, 80.82, 0.85, '2025-04-23 11:30:00', 60.03, 0.00673),
(2, 126.76, 0.47, 56.0, 0.94, '2025-04-23 11:30:00', 60.03, 0.00467),
(1, 126.86, 0.68, 70.74, 0.82, '2025-04-23 11:35:00', 60.02, 0.00589),
(2, 127.21, 0.47, 56.2, 0.94, '2025-04-23 11:35:00', 60.01, 0.00468),
(1, 126.87, 0.69, 74.41, 0.85, '2025-04-23 11:40:00', 59.99, 0.0062),
(2, 127.36, 0.55, 66.55, 0.95, '2025-04-23 11:40:00', 59.98, 0.00555),
(1, 126.84, 0.69, 74.39, 0.85, '2025-04-23 11:45:00', 59.96, 0.0062),
(2, 126.95, 0.5, 59.67, 0.94, '2025-04-23 11:45:00', 60.03, 0.00497),
(1, 126.72, 0.68, 70.66, 0.82, '2025-04-23 11:50:00', 59.99, 0.00589),
(2, 126.77, 0.53, 63.16, 0.94, '2025-04-23 11:50:00', 59.98, 0.00526),
(1, 127.37, 0.75, 79.29, 0.83, '2025-04-23 11:55:00', 60.05, 0.00661),
(2, 126.77, 0.54, 63.66, 0.93, '2025-04-23 11:55:00', 59.97, 0.0053),
(1, 126.91, 0.74, 81.7, 0.87, '2025-04-23 12:00:00', 59.98, 0.00681),
(2, 126.61, 0.54, 65.63, 0.96, '2025-04-23 12:00:00', 60.03, 0.00547),
(1, 127.36, 0.68, 75.35, 0.87, '2025-04-23 12:05:00', 59.98, 0.00628),
(2, 126.68, 0.46, 55.94, 0.96, '2025-04-23 12:05:00', 60.01, 0.00466),
(1, 126.59, 0.66, 71.85, 0.86, '2025-04-23 12:10:00', 60.04, 0.00599),
(2, 126.76, 0.52, 63.28, 0.96, '2025-04-23 12:10:00', 60.04, 0.00527),
(1, 127.27, 0.74, 78.17, 0.83, '2025-04-23 12:15:00', 59.98, 0.00651),
(2, 127.39, 0.45, 53.89, 0.94, '2025-04-23 12:15:00', 59.97, 0.00449),
(1, 127.26, 0.69, 74.64, 0.85, '2025-04-23 12:20:00', 60.01, 0.00622),
(2, 127.4, 0.49, 59.93, 0.96, '2025-04-23 12:20:00', 60.02, 0.00499),
(1, 126.7, 0.72, 77.54, 0.85, '2025-04-23 12:25:00', 59.99, 0.00646),
(2, 126.89, 0.45, 53.67, 0.94, '2025-04-23 12:25:00', 60.01, 0.00447),
(1, 126.99, 0.74, 80.82, 0.86, '2025-04-23 12:30:00', 59.98, 0.00673),
(2, 127.0, 0.45, 54.29, 0.95, '2025-04-23 12:30:00', 59.96, 0.00452),
(1, 127.39, 0.65, 69.55, 0.84, '2025-04-23 12:35:00', 59.96, 0.0058),
(2, 126.7, 0.51, 61.39, 0.95, '2025-04-23 12:35:00', 60.01, 0.00512),
(1, 126.65, 0.74, 79.66, 0.85, '2025-04-23 12:40:00', 59.99, 0.00664),
(2, 126.66, 0.48, 58.97, 0.97, '2025-04-23 12:40:00', 59.99, 0.00491),
(1, 126.57, 0.66, 71.01, 0.85, '2025-04-23 12:45:00', 60.0, 0.00592),
(2, 126.94, 0.48, 57.88, 0.95, '2025-04-23 12:45:00', 59.99, 0.00482),
(1, 127.48, 0.69, 73.89, 0.84, '2025-04-23 12:50:00', 60.0, 0.00616),
(2, 126.99, 0.53, 64.61, 0.96, '2025-04-23 12:50:00', 60.0, 0.00538),
(1, 127.03, 0.67, 72.34, 0.85, '2025-04-23 12:55:00', 59.96, 0.00603),
(2, 127.43, 0.49, 59.32, 0.95, '2025-04-23 12:55:00', 59.98, 0.00494),
(1, 126.7, 0.66, 71.91, 0.86, '2025-04-23 13:00:00', 60.04, 0.00599),
(2, 127.23, 0.47, 56.21, 0.94, '2025-04-23 13:00:00', 60.03, 0.00468),
(1, 127.5, 0.69, 75.66, 0.86, '2025-04-23 13:05:00', 60.02, 0.0063),
(2, 126.95, 0.46, 56.65, 0.97, '2025-04-23 13:05:00', 60.0, 0.00472),
(1, 127.17, 0.7, 73.89, 0.83, '2025-04-23 13:10:00', 59.99, 0.00616),
(2, 126.53, 0.54, 64.91, 0.95, '2025-04-23 13:10:00', 60.0, 0.00541),
(1, 126.88, 0.68, 71.61, 0.83, '2025-04-23 13:15:00', 60.01, 0.00597),
(2, 126.92, 0.54, 66.48, 0.97, '2025-04-23 13:15:00', 59.99, 0.00554),
(1, 126.87, 0.67, 72.25, 0.85, '2025-04-23 13:20:00', 59.97, 0.00602),
(2, 126.84, 0.54, 66.44, 0.97, '2025-04-23 13:20:00', 60.03, 0.00554),
(1, 127.3, 0.74, 79.13, 0.84, '2025-04-23 13:25:00', 60.04, 0.00659),
(2, 126.7, 0.53, 64.46, 0.96, '2025-04-23 13:25:00', 60.03, 0.00537),
(1, 126.56, 0.71, 74.58, 0.83, '2025-04-23 13:30:00', 59.96, 0.00622),
(2, 126.52, 0.47, 57.09, 0.96, '2025-04-23 13:30:00', 60.02, 0.00476),
(1, 126.86, 0.67, 73.1, 0.86, '2025-04-23 13:35:00', 59.95, 0.00609),
(2, 127.41, 0.5, 61.16, 0.96, '2025-04-23 13:35:00', 60.03, 0.0051),
(1, 126.79, 0.7, 74.55, 0.84, '2025-04-23 13:40:00', 59.97, 0.00621),
(2, 126.95, 0.48, 58.5, 0.96, '2025-04-23 13:40:00', 60.01, 0.00487),
(1, 127.25, 0.66, 69.71, 0.83, '2025-04-23 13:45:00', 59.98, 0.00581),
(2, 127.27, 0.46, 55.03, 0.94, '2025-04-23 13:45:00', 60.05, 0.00459),
(1, 127.24, 0.75, 80.16, 0.84, '2025-04-23 13:50:00', 60.01, 0.00668),
(2, 127.36, 0.51, 62.36, 0.96, '2025-04-23 13:50:00', 59.98, 0.0052),
(1, 126.76, 0.65, 70.86, 0.86, '2025-04-23 13:55:00', 59.96, 0.0059),
(2, 127.37, 0.53, 64.13, 0.95, '2025-04-23 13:55:00', 60.05, 0.00534),
(1, 126.7, 0.67, 72.16, 0.85, '2025-04-23 14:00:00', 59.96, 0.00601),
(2, 126.99, 0.46, 54.33, 0.93, '2025-04-23 14:00:00', 59.99, 0.00453),
(1, 127.12, 0.72, 75.97, 0.83, '2025-04-23 14:05:00', 60.0, 0.00633),
(2, 126.98, 0.46, 55.49, 0.95, '2025-04-23 14:05:00', 59.97, 0.00462),
(1, 127.1, 0.73, 77.01, 0.83, '2025-04-23 14:10:00', 60.01, 0.00642),
(2, 126.81, 0.51, 61.44, 0.95, '2025-04-23 14:10:00', 59.96, 0.00512),
(1, 127.36, 0.68, 73.61, 0.85, '2025-04-23 14:15:00', 59.98, 0.00613),
(2, 127.49, 0.55, 65.21, 0.93, '2025-04-23 14:15:00', 60.04, 0.00543),
(1, 127.28, 0.66, 69.72, 0.83, '2025-04-23 14:20:00', 60.03, 0.00581),
(2, 126.52, 0.47, 55.3, 0.93, '2025-04-23 14:20:00', 59.99, 0.00461),
(1, 127.43, 0.66, 72.33, 0.86, '2025-04-23 14:25:00', 60.04, 0.00603),
(2, 127.3, 0.51, 61.03, 0.94, '2025-04-23 14:25:00', 60.03, 0.00509),
(1, 126.69, 0.71, 77.36, 0.86, '2025-04-23 14:30:00', 59.96, 0.00645),
(2, 126.83, 0.49, 57.8, 0.93, '2025-04-23 14:30:00', 60.0, 0.00482),
(1, 126.66, 0.71, 77.34, 0.86, '2025-04-23 14:35:00', 60.01, 0.00645),
(2, 127.31, 0.47, 55.65, 0.93, '2025-04-23 14:35:00', 59.99, 0.00464),
(1, 127.38, 0.69, 73.83, 0.84, '2025-04-23 14:40:00', 59.99, 0.00615),
(2, 127.15, 0.53, 63.35, 0.94, '2025-04-23 14:40:00', 59.97, 0.00528),
(1, 126.78, 0.7, 76.32, 0.86, '2025-04-23 14:45:00', 60.0, 0.00636),
(2, 127.06, 0.53, 63.3, 0.94, '2025-04-23 14:45:00', 60.01, 0.00527),
(1, 127.25, 0.74, 80.98, 0.86, '2025-04-23 14:50:00', 59.98, 0.00675),
(2, 126.95, 0.54, 65.13, 0.95, '2025-04-23 14:50:00', 59.97, 0.00543),
(1, 126.77, 0.71, 78.31, 0.87, '2025-04-23 14:55:00', 59.97, 0.00653),
(2, 127.18, 0.52, 62.17, 0.94, '2025-04-23 14:55:00', 59.98, 0.00518),
(1, 126.9, 0.72, 77.66, 0.85, '2025-04-23 15:00:00', 60.03, 0.00647),
(2, 127.22, 0.48, 57.4, 0.94, '2025-04-23 15:00:00', 60.02, 0.00478),
(1, 127.39, 0.69, 74.71, 0.85, '2025-04-23 15:05:00', 59.96, 0.00623),
(2, 127.1, 0.53, 63.99, 0.95, '2025-04-23 15:05:00', 59.96, 0.00533),
(1, 126.65, 0.68, 73.2, 0.85, '2025-04-23 15:10:00', 59.96, 0.0061),
(2, 127.39, 0.46, 56.26, 0.96, '2025-04-23 15:10:00', 60.01, 0.00469),
(1, 126.64, 0.72, 76.59, 0.84, '2025-04-23 15:15:00', 60.03, 0.00638),
(2, 127.21, 0.54, 65.26, 0.95, '2025-04-23 15:15:00', 59.97, 0.00544),
(1, 126.6, 0.68, 71.45, 0.83, '2025-04-23 15:20:00', 60.02, 0.00595),
(2, 127.42, 0.5, 61.16, 0.96, '2025-04-23 15:20:00', 60.02, 0.0051),
(1, 126.78, 0.73, 79.59, 0.86, '2025-04-23 15:25:00', 59.96, 0.00663),
(2, 126.88, 0.5, 60.27, 0.95, '2025-04-23 15:25:00', 60.01, 0.00502),
(1, 127.27, 0.67, 72.48, 0.85, '2025-04-23 15:30:00', 59.98, 0.00604),
(2, 127.19, 0.48, 59.22, 0.97, '2025-04-23 15:30:00', 60.01, 0.00493),
(1, 127.37, 0.72, 76.12, 0.83, '2025-04-23 15:35:00', 59.99, 0.00634),
(2, 126.84, 0.53, 64.54, 0.96, '2025-04-23 15:35:00', 59.99, 0.00538),
(1, 126.77, 0.65, 68.39, 0.83, '2025-04-23 15:40:00', 60.01, 0.0057),
(2, 126.64, 0.45, 53.0, 0.93, '2025-04-23 15:40:00', 60.04, 0.00442),
(1, 127.04, 0.7, 76.48, 0.86, '2025-04-23 15:45:00', 59.96, 0.00637),
(2, 127.02, 0.54, 65.16, 0.95, '2025-04-23 15:45:00', 60.01, 0.00543),
(1, 126.61, 0.69, 72.51, 0.83, '2025-04-23 15:50:00', 59.99, 0.00604),
(2, 126.66, 0.5, 60.16, 0.95, '2025-04-23 15:50:00', 59.96, 0.00501),
(1, 126.76, 0.7, 73.65, 0.83, '2025-04-23 15:55:00', 59.98, 0.00614),
(2, 126.97, 0.53, 65.28, 0.97, '2025-04-23 15:55:00', 59.99, 0.00544),
(1, 126.71, 0.67, 73.01, 0.86, '2025-04-23 16:00:00', 59.95, 0.00608),
(2, 127.13, 0.54, 64.53, 0.94, '2025-04-23 16:00:00', 60.03, 0.00538),
(1, 126.91, 0.7, 73.73, 0.83, '2025-04-23 16:05:00', 59.98, 0.00614),
(2, 127.33, 0.52, 62.24, 0.94, '2025-04-23 16:05:00', 60.04, 0.00519),
(1, 127.33, 0.74, 80.09, 0.85, '2025-04-23 16:10:00', 60.02, 0.00667),
(2, 126.53, 0.48, 57.09, 0.94, '2025-04-23 16:10:00', 60.0, 0.00476),
(1, 127.36, 0.74, 81.05, 0.86, '2025-04-23 16:15:00', 59.96, 0.00675),
(2, 127.22, 0.46, 54.42, 0.93, '2025-04-23 16:15:00', 60.03, 0.00453),
(1, 126.64, 0.74, 78.72, 0.84, '2025-04-23 16:20:00', 59.99, 0.00656),
(2, 127.2, 0.51, 60.33, 0.93, '2025-04-23 16:20:00', 60.04, 0.00503),
(1, 127.38, 0.7, 74.01, 0.83, '2025-04-23 16:25:00', 59.97, 0.00617),
(2, 127.24, 0.51, 61.65, 0.95, '2025-04-23 16:25:00', 59.98, 0.00514),
(1, 127.35, 0.68, 73.61, 0.85, '2025-04-23 16:30:00', 59.96, 0.00613),
(2, 126.53, 0.53, 62.37, 0.93, '2025-04-23 16:30:00', 60.02, 0.0052),
(1, 126.85, 0.7, 76.36, 0.86, '2025-04-23 16:35:00', 60.01, 0.00636),
(2, 126.51, 0.53, 65.04, 0.97, '2025-04-23 16:35:00', 59.99, 0.00542),
(1, 127.22, 0.72, 76.94, 0.84, '2025-04-23 16:40:00', 60.03, 0.00641),
(2, 127.37, 0.48, 57.47, 0.94, '2025-04-23 16:40:00', 60.05, 0.00479),
(1, 127.12, 0.73, 77.02, 0.83, '2025-04-23 16:45:00', 60.01, 0.00642),
(2, 127.35, 0.46, 56.24, 0.96, '2025-04-23 16:45:00', 60.01, 0.00469),
(1, 127.16, 0.66, 70.5, 0.84, '2025-04-23 16:50:00', 59.96, 0.00588),
(2, 127.16, 0.51, 61.61, 0.95, '2025-04-23 16:50:00', 59.95, 0.00513),
(1, 127.06, 0.66, 69.6, 0.83, '2025-04-23 16:55:00', 59.98, 0.0058),
(2, 126.66, 0.53, 63.1, 0.94, '2025-04-23 16:55:00', 60.02, 0.00526),
(1, 127.24, 0.74, 80.98, 0.86, '2025-04-23 17:00:00', 59.98, 0.00675),
(2, 127.03, 0.53, 63.29, 0.94, '2025-04-23 17:00:00', 59.99, 0.00527),
(1, 127.21, 0.68, 74.39, 0.86, '2025-04-23 17:05:00', 60.01, 0.0062),
(2, 127.25, 0.48, 57.42, 0.94, '2025-04-23 17:05:00', 59.96, 0.00479),
(1, 127.35, 0.68, 72.74, 0.84, '2025-04-23 17:10:00', 60.02, 0.00606),
(2, 126.75, 0.48, 57.8, 0.95, '2025-04-23 17:10:00', 59.95, 0.00482),
(1, 126.75, 0.74, 80.66, 0.86, '2025-04-23 17:15:00', 59.97, 0.00672),
(2, 127.14, 0.52, 62.15, 0.94, '2025-04-23 17:15:00', 59.98, 0.00518),
(1, 126.85, 0.69, 71.77, 0.82, '2025-04-23 17:20:00', 60.02, 0.00598),
(2, 127.29, 0.55, 67.21, 0.96, '2025-04-23 17:20:00', 59.98, 0.0056),
(1, 127.14, 0.68, 73.49, 0.85, '2025-04-23 17:25:00', 59.98, 0.00612),
(2, 127.13, 0.51, 62.89, 0.97, '2025-04-23 17:25:00', 59.97, 0.00524),
(1, 126.87, 0.65, 70.92, 0.86, '2025-04-23 17:30:00', 59.98, 0.00591),
(2, 127.43, 0.55, 65.88, 0.94, '2025-04-23 17:30:00', 59.95, 0.00549),
(1, 127.49, 0.66, 71.52, 0.85, '2025-04-23 17:35:00', 60.05, 0.00596),
(2, 126.5, 0.46, 55.28, 0.95, '2025-04-23 17:35:00', 60.02, 0.00461),
(1, 127.49, 0.65, 72.1, 0.87, '2025-04-23 17:40:00', 60.02, 0.00601),
(2, 127.26, 0.48, 58.64, 0.96, '2025-04-23 17:40:00', 60.02, 0.00489),
(1, 127.49, 0.7, 75.86, 0.85, '2025-04-23 17:45:00', 60.02, 0.00632),
(2, 127.19, 0.47, 56.19, 0.94, '2025-04-23 17:45:00', 59.99, 0.00468),
(1, 126.56, 0.75, 81.63, 0.86, '2025-04-23 17:50:00', 60.04, 0.0068),
(2, 127.01, 0.47, 57.31, 0.96, '2025-04-23 17:50:00', 60.04, 0.00478),
(1, 127.26, 0.68, 71.83, 0.83, '2025-04-23 17:55:00', 59.98, 0.00599),
(2, 126.9, 0.46, 55.46, 0.95, '2025-04-23 17:55:00', 59.98, 0.00462),
(1, 126.65, 0.67, 72.13, 0.85, '2025-04-23 18:00:00', 60.02, 0.00601),
(2, 127.34, 0.47, 57.46, 0.96, '2025-04-23 18:00:00', 60.03, 0.00479),
(1, 126.85, 0.69, 75.27, 0.86, '2025-04-23 18:05:00', 59.98, 0.00627),
(2, 126.94, 0.52, 63.37, 0.96, '2025-04-23 18:05:00', 60.05, 0.00528),
(1, 126.73, 0.73, 79.56, 0.86, '2025-04-23 18:10:00', 60.0, 0.00663),
(2, 127.12, 0.47, 56.76, 0.95, '2025-04-23 18:10:00', 60.02, 0.00473),
(1, 127.4, 0.7, 74.91, 0.84, '2025-04-23 18:15:00', 59.99, 0.00624),
(2, 126.53, 0.54, 64.91, 0.95, '2025-04-23 18:15:00', 60.04, 0.00541),
(1, 126.66, 0.73, 76.74, 0.83, '2025-04-23 18:20:00', 59.99, 0.00639),
(2, 127.48, 0.47, 56.32, 0.94, '2025-04-23 18:20:00', 59.97, 0.00469),
(1, 127.02, 0.71, 74.85, 0.83, '2025-04-23 18:25:00', 59.99, 0.00624),
(2, 127.36, 0.54, 65.34, 0.95, '2025-04-23 18:25:00', 60.05, 0.00545),
(1, 126.62, 0.66, 70.2, 0.84, '2025-04-23 18:30:00', 60.04, 0.00585),
(2, 127.19, 0.54, 65.25, 0.95, '2025-04-23 18:30:00', 60.04, 0.00544),
(1, 127.37, 0.72, 77.95, 0.85, '2025-04-23 18:35:00', 60.03, 0.0065),
(2, 127.26, 0.49, 59.86, 0.96, '2025-04-23 18:35:00', 59.99, 0.00499),
(1, 127.31, 0.7, 73.08, 0.82, '2025-04-23 18:40:00', 60.04, 0.00609),
(2, 127.29, 0.52, 63.54, 0.96, '2025-04-23 18:40:00', 60.02, 0.0053),
(1, 126.79, 0.67, 69.66, 0.82, '2025-04-23 18:45:00', 60.05, 0.0058),
(2, 126.87, 0.52, 62.67, 0.95, '2025-04-23 18:45:00', 59.95, 0.00522),
(1, 127.01, 0.7, 76.46, 0.86, '2025-04-23 18:50:00', 60.01, 0.00637),
(2, 127.5, 0.55, 68.02, 0.97, '2025-04-23 18:50:00', 60.0, 0.00567),
(1, 126.98, 0.67, 73.17, 0.86, '2025-04-23 18:55:00', 60.04, 0.0061),
(2, 127.38, 0.52, 63.59, 0.96, '2025-04-23 18:55:00', 60.04, 0.0053),
(1, 127.08, 0.65, 70.21, 0.85, '2025-04-23 19:00:00', 59.98, 0.00585),
(2, 126.62, 0.49, 58.94, 0.95, '2025-04-23 19:00:00', 60.01, 0.00491),
(1, 126.6, 0.67, 70.4, 0.83, '2025-04-23 19:05:00', 60.01, 0.00587),
(2, 127.37, 0.52, 62.26, 0.94, '2025-04-23 19:05:00', 59.96, 0.00519),
(1, 127.45, 0.75, 82.21, 0.86, '2025-04-23 19:10:00', 60.03, 0.00685),
(2, 126.56, 0.53, 65.06, 0.97, '2025-04-23 19:10:00', 59.96, 0.00542),
(1, 127.28, 0.74, 81.0, 0.86, '2025-04-23 19:15:00', 59.96, 0.00675),
(2, 126.72, 0.54, 65.01, 0.95, '2025-04-23 19:15:00', 59.99, 0.00542),
(1, 126.72, 0.75, 80.78, 0.85, '2025-04-23 19:20:00', 60.04, 0.00673),
(2, 126.73, 0.55, 65.52, 0.94, '2025-04-23 19:20:00', 60.03, 0.00546),
(1, 127.05, 0.67, 71.5, 0.84, '2025-04-23 19:25:00', 59.98, 0.00596),
(2, 126.85, 0.53, 64.54, 0.96, '2025-04-23 19:25:00', 59.98, 0.00538),
(1, 126.87, 0.74, 81.68, 0.87, '2025-04-23 19:30:00', 60.01, 0.00681),
(2, 127.22, 0.53, 64.06, 0.95, '2025-04-23 19:30:00', 60.03, 0.00534),
(1, 126.67, 0.72, 76.61, 0.84, '2025-04-23 19:35:00', 60.0, 0.00638),
(2, 127.18, 0.48, 59.22, 0.97, '2025-04-23 19:35:00', 60.0, 0.00493),
(1, 126.84, 0.65, 68.43, 0.83, '2025-04-23 19:40:00', 59.95, 0.0057),
(2, 127.41, 0.47, 56.89, 0.95, '2025-04-23 19:40:00', 59.97, 0.00474),
(1, 126.9, 0.7, 75.51, 0.85, '2025-04-23 19:45:00', 60.03, 0.00629),
(2, 126.85, 0.49, 57.81, 0.93, '2025-04-23 19:45:00', 60.01, 0.00482),
(1, 126.68, 0.68, 71.5, 0.83, '2025-04-23 19:50:00', 59.99, 0.00596),
(2, 126.73, 0.53, 63.81, 0.95, '2025-04-23 19:50:00', 60.04, 0.00532),
(1, 126.75, 0.71, 75.59, 0.84, '2025-04-23 19:55:00', 60.04, 0.0063),
(2, 126.88, 0.5, 59.63, 0.94, '2025-04-23 19:55:00', 59.98, 0.00497),
(1, 126.66, 0.71, 76.44, 0.85, '2025-04-23 20:00:00', 60.01, 0.00637),
(2, 126.83, 0.53, 64.53, 0.96, '2025-04-23 20:00:00', 60.01, 0.00538),
(3, 127.4, 1.52, 154.92, 0.8, '2025-04-23 20:00:00', 60.03, 0.01291),
(1, 127.05, 0.7, 73.82, 0.83, '2025-04-23 20:05:00', 59.96, 0.00615),
(2, 126.66, 0.52, 61.91, 0.94, '2025-04-23 20:05:00', 60.03, 0.00516),
(3, 126.97, 1.47, 145.58, 0.78, '2025-04-23 20:05:00', 59.98, 0.01213),
(1, 127.06, 0.7, 74.71, 0.84, '2025-04-23 20:10:00', 59.97, 0.00623),
(2, 126.59, 0.52, 61.22, 0.93, '2025-04-23 20:10:00', 60.04, 0.0051),
(3, 126.9, 1.48, 148.37, 0.79, '2025-04-23 20:10:00', 59.98, 0.01236),
(1, 126.9, 0.72, 77.66, 0.85, '2025-04-23 20:15:00', 60.0, 0.00647),
(2, 127.08, 0.54, 65.19, 0.95, '2025-04-23 20:15:00', 60.04, 0.00543),
(3, 126.87, 1.47, 147.33, 0.79, '2025-04-23 20:15:00', 60.02, 0.01228),
(1, 127.19, 0.69, 75.47, 0.86, '2025-04-23 20:20:00', 60.01, 0.00629),
(2, 126.97, 0.51, 62.16, 0.96, '2025-04-23 20:20:00', 59.97, 0.00518),
(3, 127.29, 1.47, 149.69, 0.8, '2025-04-23 20:20:00', 60.04, 0.01247),
(1, 127.19, 0.73, 79.85, 0.86, '2025-04-23 20:25:00', 60.02, 0.00665),
(2, 126.91, 0.47, 57.26, 0.96, '2025-04-23 20:25:00', 60.04, 0.00477),
(3, 126.71, 1.46, 146.15, 0.79, '2025-04-23 20:25:00', 60.0, 0.01218),
(1, 126.68, 0.65, 67.52, 0.82, '2025-04-23 20:30:00', 59.96, 0.00563),
(2, 126.62, 0.55, 66.16, 0.95, '2025-04-23 20:30:00', 59.97, 0.00551),
(3, 127.44, 1.48, 154.66, 0.82, '2025-04-23 20:30:00', 60.01, 0.01289),
(1, 127.28, 0.71, 75.01, 0.83, '2025-04-23 20:35:00', 60.04, 0.00625),
(2, 127.23, 0.49, 59.23, 0.95, '2025-04-23 20:35:00', 60.01, 0.00494),
(3, 126.77, 1.49, 153.0, 0.81, '2025-04-23 20:35:00', 59.97, 0.01275),
(1, 126.97, 0.66, 69.55, 0.83, '2025-04-23 20:40:00', 59.97, 0.0058),
(2, 126.74, 0.51, 60.76, 0.94, '2025-04-23 20:40:00', 59.99, 0.00506),
(3, 126.79, 1.52, 152.25, 0.79, '2025-04-23 20:40:00', 59.99, 0.01269),
(1, 127.42, 0.7, 74.92, 0.84, '2025-04-23 20:45:00', 59.97, 0.00624),
(2, 126.67, 0.53, 65.12, 0.97, '2025-04-23 20:45:00', 60.04, 0.00543),
(3, 126.85, 1.49, 153.1, 0.81, '2025-04-23 20:45:00', 60.05, 0.01276),
(1, 126.7, 0.7, 76.27, 0.86, '2025-04-23 20:50:00', 59.98, 0.00636),
(2, 127.16, 0.5, 61.67, 0.97, '2025-04-23 20:50:00', 60.0, 0.00514),
(3, 126.97, 1.5, 156.17, 0.82, '2025-04-23 20:50:00', 59.96, 0.01301),
(1, 127.48, 0.73, 80.03, 0.86, '2025-04-23 20:55:00', 60.05, 0.00667),
(2, 127.08, 0.52, 62.12, 0.94, '2025-04-23 20:55:00', 59.97, 0.00518),
(3, 126.6, 1.46, 146.02, 0.79, '2025-04-23 20:55:00', 59.96, 0.01217),
(1, 127.01, 0.7, 72.9, 0.82, '2025-04-23 21:00:00', 60.0, 0.00608),
(2, 127.2, 0.52, 63.5, 0.96, '2025-04-23 21:00:00', 60.03, 0.00529),
(3, 126.68, 1.47, 152.7, 0.82, '2025-04-23 21:00:00', 60.0, 0.01272),
(1, 126.56, 0.65, 70.75, 0.86, '2025-04-23 21:05:00', 59.99, 0.0059),
(2, 126.66, 0.49, 58.96, 0.95, '2025-04-23 21:05:00', 59.98, 0.00491),
(3, 127.41, 1.55, 159.96, 0.81, '2025-04-23 21:05:00', 59.99, 0.01333),
(1, 127.43, 0.7, 74.93, 0.84, '2025-04-23 21:10:00', 60.02, 0.00624),
(2, 127.14, 0.55, 67.13, 0.96, '2025-04-23 21:10:00', 59.95, 0.00559),
(3, 126.77, 1.45, 145.22, 0.79, '2025-04-23 21:10:00', 59.99, 0.0121),
(1, 127.13, 0.66, 69.64, 0.83, '2025-04-23 21:15:00', 60.04, 0.0058),
(2, 126.81, 0.5, 60.23, 0.95, '2025-04-23 21:15:00', 60.0, 0.00502),
(3, 127.47, 1.53, 159.92, 0.82, '2025-04-23 21:15:00', 60.0, 0.01333),
(1, 127.12, 0.72, 75.97, 0.83, '2025-04-23 21:20:00', 60.01, 0.00633),
(2, 126.79, 0.47, 56.02, 0.94, '2025-04-23 21:20:00', 59.99, 0.00467),
(3, 127.31, 1.47, 147.85, 0.79, '2025-04-23 21:20:00', 60.02, 0.01232),
(1, 126.52, 0.66, 71.81, 0.86, '2025-04-23 21:25:00', 60.04, 0.00598),
(2, 126.72, 0.48, 56.57, 0.93, '2025-04-23 21:25:00', 60.04, 0.00471),
(3, 127.03, 1.47, 149.39, 0.8, '2025-04-23 21:25:00', 60.03, 0.01245),
(1, 127.12, 0.67, 72.39, 0.85, '2025-04-23 21:30:00', 60.04, 0.00603),
(2, 127.25, 0.49, 57.99, 0.93, '2025-04-23 21:30:00', 60.02, 0.00483),
(3, 126.85, 1.53, 153.32, 0.79, '2025-04-23 21:30:00', 60.03, 0.01278),
(1, 127.25, 0.72, 79.71, 0.87, '2025-04-23 21:35:00', 60.04, 0.00664),
(2, 127.39, 0.47, 56.88, 0.95, '2025-04-23 21:35:00', 60.0, 0.00474),
(3, 126.62, 1.49, 154.7, 0.82, '2025-04-23 21:35:00', 60.03, 0.01289),
(1, 126.55, 0.73, 78.52, 0.85, '2025-04-23 21:40:00', 60.03, 0.00654),
(2, 127.41, 0.51, 61.08, 0.94, '2025-04-23 21:40:00', 60.0, 0.00509),
(3, 127.12, 1.46, 146.62, 0.79, '2025-04-23 21:40:00', 59.97, 0.01222),
(1, 126.67, 0.67, 72.14, 0.85, '2025-04-23 21:45:00', 59.99, 0.00601),
(2, 127.19, 0.45, 53.23, 0.93, '2025-04-23 21:45:00', 59.97, 0.00444),
(3, 126.81, 1.5, 152.17, 0.8, '2025-04-23 21:45:00', 60.01, 0.01268),
(1, 127.11, 0.75, 79.13, 0.83, '2025-04-23 21:50:00', 60.03, 0.00659),
(2, 126.59, 0.47, 57.12, 0.96, '2025-04-23 21:50:00', 59.95, 0.00476),
(3, 127.11, 1.47, 149.48, 0.8, '2025-04-23 21:50:00', 59.99, 0.01246),
(1, 127.1, 0.69, 73.67, 0.84, '2025-04-23 21:55:00', 60.02, 0.00614),
(2, 127.16, 0.47, 57.37, 0.96, '2025-04-23 21:55:00', 59.97, 0.00478),
(3, 126.84, 1.52, 152.31, 0.79, '2025-04-23 21:55:00', 59.97, 0.01269),
(1, 126.6, 0.67, 69.55, 0.82, '2025-04-23 22:00:00', 60.03, 0.0058),
(3, 126.71, 1.5, 153.95, 0.81, '2025-04-23 22:00:00', 60.0, 0.01283),
(1, 127.37, 0.75, 79.29, 0.83, '2025-04-23 22:05:00', 59.97, 0.00661),
(3, 126.96, 1.55, 159.4, 0.81, '2025-04-23 22:05:00', 59.99, 0.01328),
(1, 127.38, 0.66, 71.46, 0.85, '2025-04-23 22:10:00', 60.04, 0.00595),
(3, 126.95, 1.47, 151.16, 0.81, '2025-04-23 22:10:00', 59.96, 0.0126),
(1, 127.48, 0.72, 77.1, 0.84, '2025-04-23 22:15:00', 60.01, 0.00642),
(3, 127.42, 1.46, 152.55, 0.82, '2025-04-23 22:15:00', 60.05, 0.01271),
(1, 126.87, 0.75, 80.88, 0.85, '2025-04-23 22:20:00', 60.0, 0.00674),
(3, 126.89, 1.47, 149.22, 0.8, '2025-04-23 22:20:00', 60.03, 0.01243),
(1, 127.1, 0.66, 72.98, 0.87, '2025-04-23 22:25:00', 59.99, 0.00608),
(3, 126.94, 1.47, 147.42, 0.79, '2025-04-23 22:25:00', 60.04, 0.01228),
(1, 126.75, 0.73, 78.65, 0.85, '2025-04-23 22:30:00', 59.99, 0.00655),
(3, 126.65, 1.51, 149.17, 0.78, '2025-04-23 22:30:00', 59.98, 0.01243),
(1, 127.1, 0.67, 73.24, 0.86, '2025-04-23 22:35:00', 59.99, 0.0061),
(3, 127.1, 1.47, 147.6, 0.79, '2025-04-23 22:35:00', 60.0, 0.0123),
(1, 126.55, 0.69, 73.35, 0.84, '2025-04-23 22:40:00', 60.02, 0.00611),
(3, 127.39, 1.49, 153.75, 0.81, '2025-04-23 22:40:00', 60.05, 0.01281),
(1, 126.94, 0.71, 75.71, 0.84, '2025-04-23 22:45:00', 60.01, 0.00631),
(3, 127.44, 1.53, 154.04, 0.79, '2025-04-23 22:45:00', 59.97, 0.01284),
(1, 127.12, 0.72, 79.63, 0.87, '2025-04-23 22:50:00', 59.96, 0.00664),
(3, 126.99, 1.51, 151.49, 0.79, '2025-04-23 22:50:00', 60.04, 0.01262),
(1, 126.64, 0.66, 70.21, 0.84, '2025-04-23 22:55:00', 60.03, 0.00585),
(3, 126.74, 1.51, 151.19, 0.79, '2025-04-23 22:55:00', 59.95, 0.0126),
(1, 127.5, 0.67, 72.61, 0.85, '2025-04-23 23:00:00', 59.98, 0.00605),
(3, 127.23, 1.52, 150.84, 0.78, '2025-04-23 23:00:00', 59.99, 0.01257),
(1, 126.58, 0.66, 71.85, 0.86, '2025-04-23 23:05:00', 60.0, 0.00599),
(3, 127.29, 1.46, 150.53, 0.81, '2025-04-23 23:05:00', 59.96, 0.01254),
(1, 126.52, 0.66, 69.31, 0.83, '2025-04-23 23:10:00', 59.99, 0.00578),
(3, 127.08, 1.51, 153.51, 0.8, '2025-04-23 23:10:00', 59.99, 0.01279),
(1, 126.94, 0.67, 72.29, 0.85, '2025-04-23 23:15:00', 60.01, 0.00602),
(3, 127.48, 1.52, 158.89, 0.82, '2025-04-23 23:15:00', 60.01, 0.01324),
(1, 127.43, 0.69, 72.98, 0.83, '2025-04-23 23:20:00', 59.98, 0.00608),
(3, 126.9, 1.51, 155.21, 0.81, '2025-04-23 23:20:00', 60.01, 0.01293),
(1, 126.97, 0.72, 75.88, 0.83, '2025-04-23 23:25:00', 59.99, 0.00632),
(3, 127.18, 1.46, 146.69, 0.79, '2025-04-23 23:25:00', 59.98, 0.01222),
(1, 126.71, 0.66, 70.25, 0.84, '2025-04-23 23:30:00', 60.0, 0.00585),
(3, 126.77, 1.5, 154.03, 0.81, '2025-04-23 23:30:00', 59.97, 0.01284),
(1, 126.75, 0.68, 74.12, 0.86, '2025-04-23 23:35:00', 59.98, 0.00618),
(3, 126.78, 1.45, 147.06, 0.8, '2025-04-23 23:35:00', 60.01, 0.01225),
(1, 127.32, 0.7, 73.97, 0.83, '2025-04-23 23:40:00', 59.99, 0.00616),
(3, 126.51, 1.49, 147.03, 0.78, '2025-04-23 23:40:00', 60.04, 0.01225),
(1, 127.12, 0.69, 74.56, 0.85, '2025-04-23 23:45:00', 60.04, 0.00621),
(3, 127.29, 1.49, 149.83, 0.79, '2025-04-23 23:45:00', 60.04, 0.01249),
(1, 126.92, 0.72, 76.76, 0.84, '2025-04-23 23:50:00', 60.01, 0.0064),
(3, 126.67, 1.45, 145.1, 0.79, '2025-04-23 23:50:00', 60.0, 0.01209),
(1, 127.23, 0.73, 77.09, 0.83, '2025-04-23 23:55:00', 60.03, 0.00642),
(3, 127.13, 1.45, 147.47, 0.8, '2025-04-23 23:55:00', 59.96, 0.01229),
(1, 127.42, 0.72, 77.98, 0.85, '2025-04-24 00:00:00', 59.97, 0.0065),
(1, 127.31, 0.7, 75.75, 0.85, '2025-04-24 00:05:00', 59.99, 0.00631),
(1, 127.3, 0.65, 68.68, 0.83, '2025-04-24 00:10:00', 59.96, 0.00572),
(1, 126.78, 0.66, 71.96, 0.86, '2025-04-24 00:15:00', 59.96, 0.006),
(1, 126.81, 0.74, 77.89, 0.83, '2025-04-24 00:20:00', 60.0, 0.00649),
(1, 126.88, 0.65, 69.28, 0.84, '2025-04-24 00:25:00', 60.0, 0.00577),
(1, 126.84, 0.75, 78.01, 0.82, '2025-04-24 00:30:00', 59.99, 0.0065),
(1, 127.0, 0.74, 78.94, 0.84, '2025-04-24 00:35:00', 60.05, 0.00658),
(1, 126.66, 0.72, 77.52, 0.85, '2025-04-24 00:40:00', 60.02, 0.00646),
(1, 127.32, 0.71, 74.13, 0.82, '2025-04-24 00:45:00', 60.03, 0.00618),
(1, 126.89, 0.7, 72.83, 0.82, '2025-04-24 00:50:00', 59.96, 0.00607),
(1, 126.63, 0.67, 72.12, 0.85, '2025-04-24 00:55:00', 60.03, 0.00601),
(1, 127.0, 0.69, 71.86, 0.82, '2025-04-24 01:00:00', 59.97, 0.00599),
(1, 127.24, 0.69, 76.38, 0.87, '2025-04-24 01:05:00', 59.96, 0.00636),
(1, 127.17, 0.69, 74.59, 0.85, '2025-04-24 01:10:00', 60.05, 0.00622),
(1, 127.41, 0.7, 74.03, 0.83, '2025-04-24 01:15:00', 60.02, 0.00617),
(1, 127.42, 0.69, 72.97, 0.83, '2025-04-24 01:20:00', 59.99, 0.00608),
(1, 126.53, 0.74, 77.71, 0.83, '2025-04-24 01:25:00', 60.03, 0.00648),
(1, 127.09, 0.65, 69.39, 0.84, '2025-04-24 01:30:00', 59.97, 0.00578),
(1, 127.14, 0.74, 80.91, 0.86, '2025-04-24 01:35:00', 60.03, 0.00674),
(1, 126.77, 0.66, 72.79, 0.87, '2025-04-24 01:40:00', 60.03, 0.00607),
(1, 126.54, 0.73, 77.59, 0.84, '2025-04-24 01:45:00', 60.02, 0.00647),
(1, 127.04, 0.72, 75.92, 0.83, '2025-04-24 01:50:00', 59.99, 0.00633),
(1, 126.71, 0.74, 76.89, 0.82, '2025-04-24 01:55:00', 60.0, 0.00641),
(1, 126.54, 0.72, 78.35, 0.86, '2025-04-24 02:00:00', 60.04, 0.00653),
(1, 126.89, 0.75, 81.84, 0.86, '2025-04-24 02:05:00', 59.98, 0.00682),
(1, 127.31, 0.74, 80.08, 0.85, '2025-04-24 02:10:00', 60.03, 0.00667),
(1, 127.09, 0.75, 78.16, 0.82, '2025-04-24 02:15:00', 60.03, 0.00651),
(1, 127.06, 0.65, 67.72, 0.82, '2025-04-24 02:20:00', 60.0, 0.00564),
(1, 126.95, 0.75, 79.98, 0.84, '2025-04-24 02:25:00', 59.96, 0.00666),
(1, 127.21, 0.69, 72.85, 0.83, '2025-04-24 02:30:00', 59.99, 0.00607),
(1, 127.27, 0.7, 74.83, 0.84, '2025-04-24 02:35:00', 59.98, 0.00624),
(1, 127.27, 0.7, 74.83, 0.84, '2025-04-24 02:40:00', 60.05, 0.00624),
(1, 126.74, 0.75, 80.8, 0.85, '2025-04-24 02:45:00', 59.98, 0.00673),
(1, 126.68, 0.68, 72.36, 0.84, '2025-04-24 02:50:00', 60.0, 0.00603),
(1, 126.85, 0.73, 75.93, 0.82, '2025-04-24 02:55:00', 59.97, 0.00633),
(1, 126.88, 0.68, 74.2, 0.86, '2025-04-24 03:00:00', 60.03, 0.00618),
(1, 126.71, 0.72, 76.63, 0.84, '2025-04-24 03:05:00', 60.03, 0.00639),
(1, 126.97, 0.71, 77.53, 0.86, '2025-04-24 03:10:00', 60.03, 0.00646),
(1, 127.15, 0.74, 79.04, 0.84, '2025-04-24 03:15:00', 60.04, 0.00659),
(1, 127.18, 0.71, 75.85, 0.84, '2025-04-24 03:20:00', 60.0, 0.00632),
(1, 126.76, 0.72, 75.75, 0.83, '2025-04-24 03:25:00', 60.04, 0.00631),
(1, 126.58, 0.67, 72.09, 0.85, '2025-04-24 03:30:00', 60.01, 0.00601),
(1, 127.37, 0.68, 74.49, 0.86, '2025-04-24 03:35:00', 60.02, 0.00621),
(1, 126.65, 0.72, 75.69, 0.83, '2025-04-24 03:40:00', 60.01, 0.00631),
(1, 126.6, 0.7, 75.33, 0.85, '2025-04-24 03:45:00', 60.03, 0.00628),
(1, 127.24, 0.69, 73.75, 0.84, '2025-04-24 03:50:00', 60.03, 0.00615),
(1, 126.81, 0.7, 76.34, 0.86, '2025-04-24 03:55:00', 59.99, 0.00636),
(1, 127.1, 0.69, 71.91, 0.82, '2025-04-24 04:00:00', 59.97, 0.00599),
(1, 127.15, 0.73, 77.04, 0.83, '2025-04-24 04:05:00', 59.96, 0.00642),
(1, 127.0, 0.73, 76.95, 0.83, '2025-04-24 04:10:00', 59.96, 0.00641),
(1, 126.99, 0.67, 69.77, 0.82, '2025-04-24 04:15:00', 60.02, 0.00581),
(1, 127.06, 0.7, 73.82, 0.83, '2025-04-24 04:20:00', 60.05, 0.00615),
(1, 126.94, 0.74, 79.85, 0.85, '2025-04-24 04:25:00', 60.0, 0.00665),
(1, 127.22, 0.67, 72.45, 0.85, '2025-04-24 04:30:00', 59.99, 0.00604),
(1, 127.0, 0.65, 71.82, 0.87, '2025-04-24 04:35:00', 60.0, 0.00598),
(1, 127.27, 0.68, 74.43, 0.86, '2025-04-24 04:40:00', 60.03, 0.0062),
(1, 127.35, 0.74, 77.28, 0.82, '2025-04-24 04:45:00', 60.0, 0.00644),
(1, 127.4, 0.72, 77.05, 0.84, '2025-04-24 04:50:00', 60.05, 0.00642),
(1, 127.35, 0.73, 79.95, 0.86, '2025-04-24 04:55:00', 60.02, 0.00666),
(1, 127.11, 0.75, 80.08, 0.84, '2025-04-24 05:00:00', 59.97, 0.00667),
(1, 126.96, 0.73, 78.78, 0.85, '2025-04-24 05:05:00', 60.01, 0.00656),
(1, 126.83, 0.66, 71.99, 0.86, '2025-04-24 05:10:00', 59.98, 0.006),
(1, 126.96, 0.71, 74.82, 0.83, '2025-04-24 05:15:00', 59.97, 0.00623),
(1, 126.79, 0.66, 72.8, 0.87, '2025-04-24 05:20:00', 59.96, 0.00607),
(1, 126.74, 0.74, 80.66, 0.86, '2025-04-24 05:25:00', 60.03, 0.00672),
(1, 126.58, 0.7, 74.43, 0.84, '2025-04-24 05:30:00', 60.01, 0.0062),
(1, 127.04, 0.69, 73.63, 0.84, '2025-04-24 05:35:00', 60.04, 0.00614),
(1, 126.91, 0.69, 76.18, 0.87, '2025-04-24 05:40:00', 60.05, 0.00635),
(1, 127.41, 0.72, 75.22, 0.82, '2025-04-24 05:45:00', 60.01, 0.00627),
(1, 126.53, 0.69, 75.08, 0.86, '2025-04-24 05:50:00', 59.95, 0.00626),
(1, 126.54, 0.66, 69.32, 0.83, '2025-04-24 05:55:00', 60.02, 0.00578),
(1, 127.21, 0.66, 69.69, 0.83, '2025-04-24 06:00:00', 59.97, 0.00581),
(3, 127.42, 1.47, 149.85, 0.8, '2025-04-24 06:00:00', 59.98, 0.01249),
(1, 127.43, 0.69, 74.74, 0.85, '2025-04-24 06:05:00', 60.03, 0.00623),
(3, 126.89, 1.47, 152.95, 0.82, '2025-04-24 06:05:00', 60.03, 0.01275),
(1, 127.03, 0.73, 79.75, 0.86, '2025-04-24 06:10:00', 59.96, 0.00665),
(3, 127.06, 1.54, 158.49, 0.81, '2025-04-24 06:10:00', 59.99, 0.01321),
(1, 127.07, 0.74, 80.87, 0.86, '2025-04-24 06:15:00', 59.99, 0.00674),
(3, 126.66, 1.47, 150.81, 0.81, '2025-04-24 06:15:00', 60.03, 0.01257),
(1, 127.31, 0.72, 75.16, 0.82, '2025-04-24 06:20:00', 60.04, 0.00626),
(3, 126.97, 1.51, 153.38, 0.8, '2025-04-24 06:20:00', 59.97, 0.01278),
(1, 127.37, 0.69, 72.94, 0.83, '2025-04-24 06:25:00', 60.03, 0.00608),
(3, 127.24, 1.5, 150.78, 0.79, '2025-04-24 06:25:00', 59.96, 0.01256),
(1, 127.44, 0.66, 71.49, 0.85, '2025-04-24 06:30:00', 59.98, 0.00596),
(3, 127.1, 1.5, 156.33, 0.82, '2025-04-24 06:30:00', 60.03, 0.01303),
(1, 127.47, 0.66, 72.35, 0.86, '2025-04-24 06:35:00', 59.97, 0.00603),
(3, 126.89, 1.53, 153.37, 0.79, '2025-04-24 06:35:00', 59.97, 0.01278),
(1, 127.26, 0.7, 75.72, 0.85, '2025-04-24 06:40:00', 60.01, 0.00631),
(3, 126.99, 1.46, 148.32, 0.8, '2025-04-24 06:40:00', 60.03, 0.01236),
(1, 127.17, 0.72, 79.66, 0.87, '2025-04-24 06:45:00', 59.97, 0.00664),
(3, 126.96, 1.48, 152.2, 0.81, '2025-04-24 06:45:00', 60.01, 0.01268),
(1, 126.57, 0.67, 70.39, 0.83, '2025-04-24 06:50:00', 59.96, 0.00587),
(3, 127.35, 1.45, 147.73, 0.8, '2025-04-24 06:50:00', 59.97, 0.01231),
(1, 126.99, 0.66, 72.08, 0.86, '2025-04-24 06:55:00', 60.02, 0.00601),
(3, 126.73, 1.48, 151.92, 0.81, '2025-04-24 06:55:00', 59.96, 0.01266),
(1, 126.86, 0.7, 76.37, 0.86, '2025-04-24 07:00:00', 59.96, 0.00636),
(2, 126.91, 0.53, 63.9, 0.95, '2025-04-24 07:00:00', 59.96, 0.00532),
(3, 127.0, 1.48, 150.37, 0.8, '2025-04-24 07:00:00', 59.97, 0.01253),
(1, 126.6, 0.74, 81.51, 0.87, '2025-04-24 07:05:00', 59.98, 0.00679),
(2, 127.03, 0.49, 60.38, 0.97, '2025-04-24 07:05:00', 60.05, 0.00503),
(3, 127.2, 1.48, 148.72, 0.79, '2025-04-24 07:05:00', 59.95, 0.01239),
(1, 126.89, 0.74, 78.87, 0.84, '2025-04-24 07:10:00', 59.98, 0.00657),
(2, 126.56, 0.49, 59.53, 0.96, '2025-04-24 07:10:00', 59.96, 0.00496),
(3, 127.12, 1.46, 150.33, 0.81, '2025-04-24 07:10:00', 60.02, 0.01253),
(1, 126.51, 0.7, 74.39, 0.84, '2025-04-24 07:15:00', 59.96, 0.0062),
(2, 127.27, 0.55, 67.2, 0.96, '2025-04-24 07:15:00', 60.02, 0.0056),
(3, 126.68, 1.51, 151.12, 0.79, '2025-04-24 07:15:00', 59.95, 0.01259),
(1, 126.92, 0.68, 71.63, 0.83, '2025-04-24 07:20:00', 60.04, 0.00597),
(2, 127.34, 0.52, 64.23, 0.97, '2025-04-24 07:20:00', 59.97, 0.00535),
(3, 126.71, 1.47, 147.15, 0.79, '2025-04-24 07:20:00', 59.97, 0.01226),
(1, 127.46, 0.67, 70.88, 0.83, '2025-04-24 07:25:00', 60.04, 0.00591),
(2, 126.56, 0.46, 55.31, 0.95, '2025-04-24 07:25:00', 60.05, 0.00461),
(3, 127.33, 1.48, 146.99, 0.78, '2025-04-24 07:25:00', 60.0, 0.01225),
(1, 127.29, 0.7, 73.96, 0.83, '2025-04-24 07:30:00', 59.99, 0.00616),
(2, 126.52, 0.5, 59.46, 0.94, '2025-04-24 07:30:00', 59.99, 0.00496),
(3, 126.53, 1.55, 154.94, 0.79, '2025-04-24 07:30:00', 59.95, 0.01291),
(1, 126.81, 0.67, 73.07, 0.86, '2025-04-24 07:35:00', 60.02, 0.00609),
(2, 127.19, 0.53, 64.71, 0.96, '2025-04-24 07:35:00', 60.02, 0.00539),
(3, 126.78, 1.45, 148.9, 0.81, '2025-04-24 07:35:00', 60.0, 0.01241),
(1, 127.17, 0.65, 70.26, 0.85, '2025-04-24 07:40:00', 59.97, 0.00586),
(2, 127.34, 0.5, 59.85, 0.94, '2025-04-24 07:40:00', 60.04, 0.00499),
(3, 126.8, 1.53, 153.26, 0.79, '2025-04-24 07:40:00', 60.03, 0.01277),
(1, 126.57, 0.66, 71.84, 0.86, '2025-04-24 07:45:00', 59.99, 0.00599),
(2, 126.95, 0.5, 59.03, 0.93, '2025-04-24 07:45:00', 59.98, 0.00492),
(3, 127.4, 1.51, 153.9, 0.8, '2025-04-24 07:45:00', 60.04, 0.01282),
(1, 127.13, 0.73, 77.96, 0.84, '2025-04-24 07:50:00', 60.01, 0.0065),
(2, 127.32, 0.5, 59.84, 0.94, '2025-04-24 07:50:00', 60.04, 0.00499),
(3, 127.22, 1.49, 153.54, 0.81, '2025-04-24 07:50:00', 60.01, 0.01279),
(1, 127.38, 0.69, 74.71, 0.85, '2025-04-24 07:55:00', 60.0, 0.00623),
(2, 127.35, 0.54, 64.64, 0.94, '2025-04-24 07:55:00', 60.03, 0.00539),
(3, 126.6, 1.51, 152.93, 0.8, '2025-04-24 07:55:00', 60.0, 0.01274),
(1, 127.4, 0.72, 78.89, 0.86, '2025-04-24 08:00:00', 60.04, 0.00657),
(2, 126.57, 0.53, 64.4, 0.96, '2025-04-24 08:00:00', 59.96, 0.00537),
(1, 126.82, 0.67, 73.07, 0.86, '2025-04-24 08:05:00', 60.02, 0.00609),
(2, 126.51, 0.51, 61.29, 0.95, '2025-04-24 08:05:00', 60.0, 0.00511),
(1, 127.02, 0.65, 69.35, 0.84, '2025-04-24 08:10:00', 59.99, 0.00578),
(2, 126.79, 0.48, 58.42, 0.96, '2025-04-24 08:10:00', 59.99, 0.00487),
(1, 127.44, 0.74, 77.33, 0.82, '2025-04-24 08:15:00', 59.97, 0.00644),
(2, 127.01, 0.54, 63.78, 0.93, '2025-04-24 08:15:00', 60.04, 0.00531),
(1, 127.04, 0.73, 78.83, 0.85, '2025-04-24 08:20:00', 59.98, 0.00657),
(2, 127.37, 0.55, 65.85, 0.94, '2025-04-24 08:20:00', 60.02, 0.00549),
(1, 126.74, 0.69, 76.08, 0.87, '2025-04-24 08:25:00', 60.02, 0.00634),
(2, 126.88, 0.51, 62.12, 0.96, '2025-04-24 08:25:00', 60.01, 0.00518),
(1, 126.64, 0.67, 70.42, 0.83, '2025-04-24 08:30:00', 60.04, 0.00587),
(2, 126.96, 0.52, 63.38, 0.96, '2025-04-24 08:30:00', 60.02, 0.00528),
(1, 127.04, 0.74, 80.85, 0.86, '2025-04-24 08:35:00', 60.04, 0.00674),
(2, 127.0, 0.53, 63.94, 0.95, '2025-04-24 08:35:00', 60.03, 0.00533),
(1, 126.78, 0.72, 74.85, 0.82, '2025-04-24 08:40:00', 59.97, 0.00624),
(2, 126.52, 0.46, 55.87, 0.96, '2025-04-24 08:40:00', 60.02, 0.00466),
(1, 126.75, 0.74, 78.79, 0.84, '2025-04-24 08:45:00', 60.03, 0.00657),
(2, 126.9, 0.5, 60.28, 0.95, '2025-04-24 08:45:00', 59.96, 0.00502),
(1, 126.77, 0.72, 77.58, 0.85, '2025-04-24 08:50:00', 60.05, 0.00647),
(2, 127.4, 0.49, 58.68, 0.94, '2025-04-24 08:50:00', 59.96, 0.00489),
(1, 126.76, 0.71, 73.8, 0.82, '2025-04-24 08:55:00', 59.99, 0.00615),
(2, 127.4, 0.52, 62.94, 0.95, '2025-04-24 08:55:00', 60.05, 0.00524),
(1, 127.39, 0.69, 73.84, 0.84, '2025-04-24 09:00:00', 60.02, 0.00615),
(2, 126.53, 0.49, 58.9, 0.95, '2025-04-24 09:00:00', 60.02, 0.00491),
(1, 126.54, 0.71, 75.47, 0.84, '2025-04-24 09:05:00', 60.0, 0.00629),
(2, 126.74, 0.49, 59.0, 0.95, '2025-04-24 09:05:00', 59.96, 0.00492),
(1, 126.65, 0.71, 77.33, 0.86, '2025-04-24 09:10:00', 59.97, 0.00644),
(2, 127.05, 0.53, 63.3, 0.94, '2025-04-24 09:10:00', 60.03, 0.00527),
(1, 127.08, 0.66, 68.78, 0.82, '2025-04-24 09:15:00', 59.98, 0.00573),
(2, 126.58, 0.46, 54.73, 0.94, '2025-04-24 09:15:00', 60.01, 0.00456),
(1, 126.99, 0.66, 69.57, 0.83, '2025-04-24 09:20:00', 60.01, 0.0058),
(2, 126.92, 0.46, 54.88, 0.94, '2025-04-24 09:20:00', 60.05, 0.00457),
(1, 127.41, 0.69, 74.73, 0.85, '2025-04-24 09:25:00', 59.95, 0.00623),
(2, 127.04, 0.51, 60.9, 0.94, '2025-04-24 09:25:00', 60.02, 0.00507),
(1, 127.21, 0.73, 77.08, 0.83, '2025-04-24 09:30:00', 60.05, 0.00642),
(2, 126.6, 0.48, 58.34, 0.96, '2025-04-24 09:30:00', 60.01, 0.00486),
(1, 126.57, 0.74, 77.74, 0.83, '2025-04-24 09:35:00', 59.99, 0.00648),
(2, 127.45, 0.46, 55.7, 0.95, '2025-04-24 09:35:00', 59.97, 0.00464),
(1, 127.33, 0.69, 75.56, 0.86, '2025-04-24 09:40:00', 60.04, 0.0063),
(2, 127.43, 0.52, 61.63, 0.93, '2025-04-24 09:40:00', 60.03, 0.00514),
(1, 127.14, 0.68, 75.22, 0.87, '2025-04-24 09:45:00', 59.99, 0.00627),
(2, 127.25, 0.5, 60.44, 0.95, '2025-04-24 09:45:00', 60.04, 0.00504),
(1, 126.55, 0.73, 77.6, 0.84, '2025-04-24 09:50:00', 59.95, 0.00647),
(2, 127.44, 0.55, 66.59, 0.95, '2025-04-24 09:50:00', 60.01, 0.00555),
(1, 126.78, 0.71, 76.51, 0.85, '2025-04-24 09:55:00', 60.03, 0.00638),
(2, 127.46, 0.47, 56.91, 0.95, '2025-04-24 09:55:00', 59.98, 0.00474),
(1, 127.29, 0.66, 69.73, 0.83, '2025-04-24 10:00:00', 60.03, 0.00581),
(2, 127.08, 0.45, 55.47, 0.97, '2025-04-24 10:00:00', 59.98, 0.00462),
(1, 126.95, 0.73, 79.7, 0.86, '2025-04-24 10:05:00', 59.99, 0.00664),
(2, 126.75, 0.53, 63.82, 0.95, '2025-04-24 10:05:00', 59.97, 0.00532),
(1, 127.27, 0.72, 77.89, 0.85, '2025-04-24 10:10:00', 60.01, 0.00649),
(2, 126.93, 0.52, 62.04, 0.94, '2025-04-24 10:10:00', 59.95, 0.00517),
(1, 127.28, 0.68, 72.7, 0.84, '2025-04-24 10:15:00', 59.99, 0.00606),
(2, 127.11, 0.45, 54.34, 0.95, '2025-04-24 10:15:00', 59.97, 0.00453),
(1, 127.35, 0.74, 81.05, 0.86, '2025-04-24 10:20:00', 60.0, 0.00675),
(2, 127.41, 0.54, 66.05, 0.96, '2025-04-24 10:20:00', 59.98, 0.0055),
(1, 127.27, 0.72, 77.89, 0.85, '2025-04-24 10:25:00', 60.01, 0.00649),
(2, 126.61, 0.46, 55.91, 0.96, '2025-04-24 10:25:00', 59.99, 0.00466),
(1, 127.07, 0.69, 74.53, 0.85, '2025-04-24 10:30:00', 60.02, 0.00621),
(2, 127.3, 0.47, 55.64, 0.93, '2025-04-24 10:30:00', 60.02, 0.00464),
(1, 127.45, 0.73, 76.29, 0.82, '2025-04-24 10:35:00', 60.02, 0.00636),
(2, 127.07, 0.49, 59.77, 0.96, '2025-04-24 10:35:00', 60.04, 0.00498),
(1, 127.36, 0.74, 81.99, 0.87, '2025-04-24 10:40:00', 59.96, 0.00683),
(2, 126.85, 0.47, 56.64, 0.95, '2025-04-24 10:40:00', 60.02, 0.00472),
(1, 126.74, 0.67, 70.48, 0.83, '2025-04-24 10:45:00', 60.02, 0.00587),
(2, 126.53, 0.54, 64.91, 0.95, '2025-04-24 10:45:00', 60.0, 0.00541),
(1, 126.6, 0.67, 72.1, 0.85, '2025-04-24 10:50:00', 60.03, 0.00601),
(2, 126.81, 0.47, 57.22, 0.96, '2025-04-24 10:50:00', 60.0, 0.00477),
(1, 126.98, 0.7, 73.78, 0.83, '2025-04-24 10:55:00', 59.98, 0.00615),
(2, 126.92, 0.51, 62.14, 0.96, '2025-04-24 10:55:00', 59.97, 0.00518),
(1, 127.38, 0.74, 80.12, 0.85, '2025-04-24 11:00:00', 60.02, 0.00668),
(2, 126.61, 0.55, 64.76, 0.93, '2025-04-24 11:00:00', 59.95, 0.0054),
(1, 127.28, 0.72, 76.98, 0.84, '2025-04-24 11:05:00', 60.04, 0.00641),
(2, 126.76, 0.46, 54.23, 0.93, '2025-04-24 11:05:00', 60.04, 0.00452),
(1, 126.51, 0.67, 70.35, 0.83, '2025-04-24 11:10:00', 59.99, 0.00586),
(2, 127.43, 0.53, 64.16, 0.95, '2025-04-24 11:10:00', 60.01, 0.00535),
(1, 126.56, 0.71, 74.58, 0.83, '2025-04-24 11:15:00', 59.97, 0.00622),
(2, 126.96, 0.53, 63.92, 0.95, '2025-04-24 11:15:00', 60.0, 0.00533),
(1, 126.98, 0.73, 80.64, 0.87, '2025-04-24 11:20:00', 60.05, 0.00672),
(2, 127.3, 0.53, 62.75, 0.93, '2025-04-24 11:20:00', 60.02, 0.00523),
(1, 126.54, 0.74, 76.78, 0.82, '2025-04-24 11:25:00', 60.0, 0.0064),
(2, 126.75, 0.48, 57.8, 0.95, '2025-04-24 11:25:00', 59.96, 0.00482),
(1, 127.31, 0.7, 77.53, 0.87, '2025-04-24 11:30:00', 60.03, 0.00646),
(2, 126.6, 0.5, 60.77, 0.96, '2025-04-24 11:30:00', 60.0, 0.00506),
(1, 127.34, 0.66, 71.44, 0.85, '2025-04-24 11:35:00', 60.01, 0.00595),
(2, 127.43, 0.52, 62.95, 0.95, '2025-04-24 11:35:00', 59.97, 0.00525),
(1, 127.12, 0.69, 73.68, 0.84, '2025-04-24 11:40:00', 59.99, 0.00614),
(2, 127.04, 0.53, 63.96, 0.95, '2025-04-24 11:40:00', 59.96, 0.00533),
(1, 126.74, 0.7, 76.3, 0.86, '2025-04-24 11:45:00', 60.01, 0.00636),
(2, 126.79, 0.53, 63.17, 0.94, '2025-04-24 11:45:00', 59.97, 0.00526),
(1, 126.66, 0.75, 78.85, 0.83, '2025-04-24 11:50:00', 59.96, 0.00657),
(2, 126.75, 0.53, 63.15, 0.94, '2025-04-24 11:50:00', 59.98, 0.00526),
(1, 126.94, 0.73, 79.69, 0.86, '2025-04-24 11:55:00', 59.97, 0.00664),
(2, 127.01, 0.46, 54.92, 0.94, '2025-04-24 11:55:00', 60.02, 0.00458),
(1, 126.84, 0.69, 72.64, 0.83, '2025-04-24 12:00:00', 59.96, 0.00605),
(2, 127.38, 0.49, 59.3, 0.95, '2025-04-24 12:00:00', 59.99, 0.00494),
(1, 127.39, 0.71, 74.17, 0.82, '2025-04-24 12:05:00', 60.03, 0.00618),
(2, 127.04, 0.5, 59.71, 0.94, '2025-04-24 12:05:00', 59.96, 0.00498),
(1, 127.13, 0.71, 74.92, 0.83, '2025-04-24 12:10:00', 60.02, 0.00624),
(2, 127.31, 0.47, 57.44, 0.96, '2025-04-24 12:10:00', 60.02, 0.00479),
(1, 126.9, 0.72, 75.84, 0.83, '2025-04-24 12:15:00', 60.03, 0.00632),
(2, 126.81, 0.54, 65.74, 0.96, '2025-04-24 12:15:00', 59.98, 0.00548),
(1, 127.23, 0.74, 80.03, 0.85, '2025-04-24 12:20:00', 59.98, 0.00667),
(2, 127.1, 0.5, 60.37, 0.95, '2025-04-24 12:20:00', 60.0, 0.00503),
(1, 126.83, 0.75, 80.85, 0.85, '2025-04-24 12:25:00', 60.0, 0.00674),
(2, 127.0, 0.51, 60.88, 0.94, '2025-04-24 12:25:00', 59.97, 0.00507),
(1, 126.89, 0.7, 72.83, 0.82, '2025-04-24 12:30:00', 60.0, 0.00607),
(2, 126.87, 0.51, 62.12, 0.96, '2025-04-24 12:30:00', 59.95, 0.00518),
(1, 126.64, 0.74, 78.72, 0.84, '2025-04-24 12:35:00', 60.0, 0.00656),
(2, 127.37, 0.47, 57.47, 0.96, '2025-04-24 12:35:00', 60.04, 0.00479),
(1, 126.74, 0.74, 78.78, 0.84, '2025-04-24 12:40:00', 59.99, 0.00656),
(2, 126.9, 0.45, 53.11, 0.93, '2025-04-24 12:40:00', 59.97, 0.00443),
(1, 127.07, 0.75, 81.01, 0.85, '2025-04-24 12:45:00', 60.0, 0.00675),
(2, 127.08, 0.49, 58.53, 0.94, '2025-04-24 12:45:00', 59.96, 0.00488),
(1, 127.23, 0.72, 76.03, 0.83, '2025-04-24 12:50:00', 59.98, 0.00634),
(2, 126.91, 0.48, 57.26, 0.94, '2025-04-24 12:50:00', 60.0, 0.00477),
(1, 127.0, 0.71, 74.84, 0.83, '2025-04-24 12:55:00', 60.01, 0.00624),
(2, 126.52, 0.51, 60.65, 0.94, '2025-04-24 12:55:00', 60.03, 0.00505),
(1, 127.45, 0.69, 75.63, 0.86, '2025-04-24 13:00:00', 60.04, 0.0063),
(2, 126.96, 0.48, 57.89, 0.95, '2025-04-24 13:00:00', 59.97, 0.00482),
(1, 126.88, 0.66, 70.34, 0.84, '2025-04-24 13:05:00', 59.99, 0.00586),
(2, 126.86, 0.51, 62.76, 0.97, '2025-04-24 13:05:00', 59.97, 0.00523),
(1, 127.18, 0.68, 72.65, 0.84, '2025-04-24 13:10:00', 60.01, 0.00605),
(2, 126.54, 0.47, 57.69, 0.97, '2025-04-24 13:10:00', 59.95, 0.00481),
(1, 127.45, 0.65, 68.76, 0.83, '2025-04-24 13:15:00', 60.01, 0.00573),
(2, 127.22, 0.5, 59.79, 0.94, '2025-04-24 13:15:00', 60.02, 0.00498),
(1, 127.22, 0.7, 76.59, 0.86, '2025-04-24 13:20:00', 60.02, 0.00638),
(2, 127.48, 0.54, 64.02, 0.93, '2025-04-24 13:20:00', 60.01, 0.00533),
(1, 127.11, 0.7, 77.41, 0.87, '2025-04-24 13:25:00', 59.99, 0.00645),
(2, 126.63, 0.48, 57.14, 0.94, '2025-04-24 13:25:00', 59.96, 0.00476),
(1, 127.23, 0.71, 74.07, 0.82, '2025-04-24 13:30:00', 59.97, 0.00617),
(2, 127.1, 0.54, 65.89, 0.96, '2025-04-24 13:30:00', 59.99, 0.00549),
(1, 126.97, 0.69, 74.47, 0.85, '2025-04-24 13:35:00', 60.03, 0.00621),
(2, 126.98, 0.46, 54.91, 0.94, '2025-04-24 13:35:00', 60.01, 0.00458),
(1, 126.79, 0.75, 79.88, 0.84, '2025-04-24 13:40:00', 59.99, 0.00666),
(2, 127.28, 0.46, 56.21, 0.96, '2025-04-24 13:40:00', 60.04, 0.00468),
(1, 127.38, 0.66, 73.14, 0.87, '2025-04-24 13:45:00', 60.03, 0.00609),
(2, 126.56, 0.51, 60.67, 0.94, '2025-04-24 13:45:00', 59.96, 0.00506),
(1, 127.01, 0.72, 77.73, 0.85, '2025-04-24 13:50:00', 59.98, 0.00648),
(2, 127.02, 0.51, 60.25, 0.93, '2025-04-24 13:50:00', 60.01, 0.00502),
(1, 126.5, 0.65, 69.89, 0.85, '2025-04-24 13:55:00', 59.95, 0.00582),
(2, 127.14, 0.52, 63.47, 0.96, '2025-04-24 13:55:00', 60.01, 0.00529),
(1, 127.04, 0.66, 69.59, 0.83, '2025-04-24 14:00:00', 60.02, 0.0058),
(2, 126.94, 0.48, 57.88, 0.95, '2025-04-24 14:00:00', 59.99, 0.00482),
(1, 127.43, 0.68, 71.92, 0.83, '2025-04-24 14:05:00', 60.04, 0.00599),
(2, 126.77, 0.52, 61.97, 0.94, '2025-04-24 14:05:00', 60.04, 0.00516),
(1, 126.73, 0.74, 79.71, 0.85, '2025-04-24 14:10:00', 59.96, 0.00664),
(2, 126.94, 0.53, 62.57, 0.93, '2025-04-24 14:10:00', 60.02, 0.00521),
(1, 127.31, 0.7, 76.64, 0.86, '2025-04-24 14:15:00', 59.99, 0.00639),
(2, 126.92, 0.5, 61.56, 0.97, '2025-04-24 14:15:00', 59.99, 0.00513),
(1, 126.51, 0.69, 75.07, 0.86, '2025-04-24 14:20:00', 59.96, 0.00626),
(2, 127.02, 0.46, 54.92, 0.94, '2025-04-24 14:20:00', 59.97, 0.00458),
(1, 127.17, 0.69, 73.71, 0.84, '2025-04-24 14:25:00', 60.02, 0.00614),
(2, 126.81, 0.46, 54.83, 0.94, '2025-04-24 14:25:00', 59.96, 0.00457),
(1, 126.64, 0.7, 75.35, 0.85, '2025-04-24 14:30:00', 59.97, 0.00628),
(2, 126.95, 0.46, 55.48, 0.95, '2025-04-24 14:30:00', 60.04, 0.00462),
(1, 126.87, 0.7, 72.82, 0.82, '2025-04-24 14:35:00', 59.95, 0.00607),
(2, 127.36, 0.53, 62.78, 0.93, '2025-04-24 14:35:00', 60.04, 0.00523),
(1, 126.67, 0.69, 75.17, 0.86, '2025-04-24 14:40:00', 59.98, 0.00626),
(2, 127.37, 0.49, 58.67, 0.94, '2025-04-24 14:40:00', 59.99, 0.00489),
(1, 127.01, 0.7, 72.9, 0.82, '2025-04-24 14:45:00', 60.03, 0.00608),
(2, 127.42, 0.51, 61.73, 0.95, '2025-04-24 14:45:00', 60.04, 0.00514),
(1, 127.17, 0.75, 79.16, 0.83, '2025-04-24 14:50:00', 59.99, 0.0066),
(2, 126.7, 0.46, 56.53, 0.97, '2025-04-24 14:50:00', 60.03, 0.00471),
(1, 126.86, 0.67, 73.1, 0.86, '2025-04-24 14:55:00', 59.98, 0.00609),
(2, 127.01, 0.5, 59.69, 0.94, '2025-04-24 14:55:00', 59.97, 0.00497),
(1, 126.58, 0.72, 78.38, 0.86, '2025-04-24 15:00:00', 60.02, 0.00653),
(2, 127.09, 0.49, 58.54, 0.94, '2025-04-24 15:00:00', 60.02, 0.00488),
(1, 126.87, 0.72, 75.82, 0.83, '2025-04-24 15:05:00', 59.97, 0.00632),
(2, 127.14, 0.45, 54.35, 0.95, '2025-04-24 15:05:00', 59.96, 0.00453),
(1, 126.71, 0.71, 77.37, 0.86, '2025-04-24 15:10:00', 60.0, 0.00645),
(2, 126.95, 0.48, 59.11, 0.97, '2025-04-24 15:10:00', 59.95, 0.00493),
(1, 126.94, 0.66, 71.21, 0.85, '2025-04-24 15:15:00', 60.0, 0.00593),
(2, 126.6, 0.53, 63.74, 0.95, '2025-04-24 15:15:00', 60.0, 0.00531),
(1, 127.4, 0.66, 70.63, 0.84, '2025-04-24 15:20:00', 60.04, 0.00589),
(2, 126.86, 0.55, 64.89, 0.93, '2025-04-24 15:20:00', 60.01, 0.00541),
(1, 126.76, 0.66, 71.95, 0.86, '2025-04-24 15:25:00', 59.97, 0.006),
(2, 127.37, 0.46, 56.83, 0.97, '2025-04-24 15:25:00', 60.02, 0.00474),
(1, 126.69, 0.68, 74.09, 0.86, '2025-04-24 15:30:00', 59.99, 0.00617),
(2, 127.49, 0.46, 56.89, 0.97, '2025-04-24 15:30:00', 60.04, 0.00474),
(1, 127.42, 0.71, 77.8, 0.86, '2025-04-24 15:35:00', 60.02, 0.00648),
(2, 126.79, 0.53, 63.84, 0.95, '2025-04-24 15:35:00', 59.95, 0.00532),
(1, 126.8, 0.71, 74.72, 0.83, '2025-04-24 15:40:00', 60.01, 0.00623),
(2, 127.29, 0.52, 61.56, 0.93, '2025-04-24 15:40:00', 59.99, 0.00513),
(1, 127.06, 0.68, 74.3, 0.86, '2025-04-24 15:45:00', 60.01, 0.00619),
(2, 127.25, 0.45, 54.97, 0.96, '2025-04-24 15:45:00', 59.97, 0.00458),
(1, 127.27, 0.73, 78.97, 0.85, '2025-04-24 15:50:00', 60.04, 0.00658),
(2, 127.05, 0.45, 55.46, 0.97, '2025-04-24 15:50:00', 59.99, 0.00462),
(1, 127.25, 0.7, 74.82, 0.84, '2025-04-24 15:55:00', 59.99, 0.00623),
(2, 127.12, 0.51, 60.94, 0.94, '2025-04-24 15:55:00', 59.97, 0.00508),
(1, 127.11, 0.65, 71.05, 0.86, '2025-04-24 16:00:00', 59.99, 0.00592),
(2, 126.53, 0.55, 66.11, 0.95, '2025-04-24 16:00:00', 59.96, 0.00551),
(1, 126.9, 0.73, 78.74, 0.85, '2025-04-24 16:05:00', 59.99, 0.00656),
(2, 127.08, 0.51, 60.92, 0.94, '2025-04-24 16:05:00', 60.0, 0.00508),
(1, 127.19, 0.65, 68.62, 0.83, '2025-04-24 16:10:00', 59.99, 0.00572),
(2, 127.3, 0.45, 53.85, 0.94, '2025-04-24 16:10:00', 60.03, 0.00449),
(1, 127.03, 0.65, 71.84, 0.87, '2025-04-24 16:15:00', 60.03, 0.00599),
(2, 126.66, 0.47, 55.96, 0.94, '2025-04-24 16:15:00', 59.99, 0.00466),
(1, 127.19, 0.65, 70.27, 0.85, '2025-04-24 16:20:00', 60.02, 0.00586),
(2, 126.75, 0.55, 65.53, 0.94, '2025-04-24 16:20:00', 60.03, 0.00546),
(1, 127.39, 0.69, 72.96, 0.83, '2025-04-24 16:25:00', 60.03, 0.00608),
(2, 126.61, 0.5, 60.77, 0.96, '2025-04-24 16:25:00', 60.0, 0.00506),
(1, 126.56, 0.67, 72.92, 0.86, '2025-04-24 16:30:00', 60.02, 0.00608),
(2, 127.42, 0.48, 59.33, 0.97, '2025-04-24 16:30:00', 60.04, 0.00494),
(1, 126.85, 0.66, 72.0, 0.86, '2025-04-24 16:35:00', 59.98, 0.006),
(2, 127.14, 0.51, 61.6, 0.95, '2025-04-24 16:35:00', 59.99, 0.00513),
(1, 126.73, 0.67, 72.17, 0.85, '2025-04-24 16:40:00', 59.96, 0.00601),
(2, 127.23, 0.55, 65.08, 0.93, '2025-04-24 16:40:00', 60.03, 0.00542),
(1, 127.03, 0.65, 71.01, 0.86, '2025-04-24 16:45:00', 60.03, 0.00592),
(2, 126.87, 0.55, 65.59, 0.94, '2025-04-24 16:45:00', 59.97, 0.00547),
(1, 126.67, 0.69, 72.54, 0.83, '2025-04-24 16:50:00', 59.98, 0.00605),
(2, 126.63, 0.49, 57.71, 0.93, '2025-04-24 16:50:00', 60.0, 0.00481),
(1, 127.38, 0.75, 80.25, 0.84, '2025-04-24 16:55:00', 60.0, 0.00669),
(2, 127.34, 0.46, 55.06, 0.94, '2025-04-24 16:55:00', 59.99, 0.00459),
(1, 126.89, 0.71, 74.78, 0.83, '2025-04-24 17:00:00', 59.96, 0.00623),
(2, 126.79, 0.53, 63.84, 0.95, '2025-04-24 17:00:00', 60.04, 0.00532),
(1, 127.42, 0.75, 81.23, 0.85, '2025-04-24 17:05:00', 59.98, 0.00677),
(2, 127.19, 0.48, 58.61, 0.96, '2025-04-24 17:05:00', 60.05, 0.00488),
(1, 126.94, 0.69, 74.45, 0.85, '2025-04-24 17:10:00', 59.98, 0.0062),
(2, 127.28, 0.55, 67.9, 0.97, '2025-04-24 17:10:00', 60.0, 0.00566),
(1, 127.48, 0.71, 76.03, 0.84, '2025-04-24 17:15:00', 60.0, 0.00634),
(2, 126.55, 0.49, 59.53, 0.96, '2025-04-24 17:15:00', 60.05, 0.00496),
(1, 126.77, 0.72, 76.67, 0.84, '2025-04-24 17:20:00', 59.96, 0.00639),
(2, 126.87, 0.49, 60.3, 0.97, '2025-04-24 17:20:00', 60.02, 0.00502),
(1, 127.26, 0.66, 68.87, 0.82, '2025-04-24 17:25:00', 60.0, 0.00574),
(2, 127.09, 0.5, 59.1, 0.93, '2025-04-24 17:25:00', 59.99, 0.00492),
(1, 126.66, 0.69, 72.54, 0.83, '2025-04-24 17:30:00', 60.04, 0.00605),
(2, 126.99, 0.49, 59.74, 0.96, '2025-04-24 17:30:00', 60.0, 0.00498),
(1, 126.66, 0.71, 74.64, 0.83, '2025-04-24 17:35:00', 59.95, 0.00622),
(2, 127.04, 0.52, 63.42, 0.96, '2025-04-24 17:35:00', 60.02, 0.00528),
(1, 126.66, 0.68, 74.93, 0.87, '2025-04-24 17:40:00', 60.01, 0.00624),
(2, 127.0, 0.52, 64.06, 0.97, '2025-04-24 17:40:00', 59.99, 0.00534),
(1, 127.21, 0.67, 72.45, 0.85, '2025-04-24 17:45:00', 60.04, 0.00604),
(2, 127.49, 0.55, 65.91, 0.94, '2025-04-24 17:45:00', 59.98, 0.00549),
(1, 127.27, 0.69, 75.52, 0.86, '2025-04-24 17:50:00', 60.0, 0.00629),
(2, 127.32, 0.47, 56.85, 0.95, '2025-04-24 17:50:00', 59.98, 0.00474),
(1, 127.41, 0.68, 75.38, 0.87, '2025-04-24 17:55:00', 59.98, 0.00628),
(2, 127.07, 0.46, 55.53, 0.95, '2025-04-24 17:55:00', 60.0, 0.00463),
(1, 127.49, 0.73, 78.18, 0.84, '2025-04-24 18:00:00', 59.97, 0.00652),
(2, 126.54, 0.52, 63.83, 0.97, '2025-04-24 18:00:00', 60.01, 0.00532),
(1, 127.16, 0.69, 73.7, 0.84, '2025-04-24 18:05:00', 60.04, 0.00614),
(2, 126.88, 0.47, 57.84, 0.97, '2025-04-24 18:05:00', 60.04, 0.00482),
(1, 127.48, 0.66, 72.36, 0.86, '2025-04-24 18:10:00', 59.98, 0.00603),
(2, 126.9, 0.51, 60.19, 0.93, '2025-04-24 18:10:00', 60.02, 0.00502),
(1, 127.19, 0.66, 68.84, 0.82, '2025-04-24 18:15:00', 59.98, 0.00574),
(2, 127.17, 0.48, 58.6, 0.96, '2025-04-24 18:15:00', 59.95, 0.00488),
(1, 126.83, 0.71, 75.64, 0.84, '2025-04-24 18:20:00', 60.01, 0.0063),
(2, 127.01, 0.53, 62.6, 0.93, '2025-04-24 18:20:00', 59.96, 0.00522),
(1, 126.56, 0.66, 71.0, 0.85, '2025-04-24 18:25:00', 60.02, 0.00592),
(2, 127.22, 0.54, 65.26, 0.95, '2025-04-24 18:25:00', 60.04, 0.00544),
(1, 127.43, 0.7, 73.14, 0.82, '2025-04-24 18:30:00', 59.99, 0.00609),
(2, 126.59, 0.55, 66.84, 0.96, '2025-04-24 18:30:00', 60.0, 0.00557),
(1, 127.35, 0.68, 71.88, 0.83, '2025-04-24 18:35:00', 60.03, 0.00599),
(2, 127.06, 0.46, 56.11, 0.96, '2025-04-24 18:35:00', 59.97, 0.00468),
(1, 126.55, 0.66, 70.16, 0.84, '2025-04-24 18:40:00', 60.01, 0.00585),
(2, 127.34, 0.48, 57.46, 0.94, '2025-04-24 18:40:00', 59.95, 0.00479),
(1, 127.49, 0.66, 72.36, 0.86, '2025-04-24 18:45:00', 60.04, 0.00603),
(2, 127.37, 0.52, 63.58, 0.96, '2025-04-24 18:45:00', 60.04, 0.0053),
(1, 127.1, 0.67, 73.24, 0.86, '2025-04-24 18:50:00', 60.0, 0.0061),
(2, 127.03, 0.48, 58.54, 0.96, '2025-04-24 18:50:00', 60.02, 0.00488),
(1, 127.07, 0.72, 75.94, 0.83, '2025-04-24 18:55:00', 59.99, 0.00633),
(2, 126.62, 0.46, 56.5, 0.97, '2025-04-24 18:55:00', 60.05, 0.00471),
(1, 127.16, 0.65, 71.91, 0.87, '2025-04-24 19:00:00', 59.97, 0.00599),
(2, 126.65, 0.46, 55.35, 0.95, '2025-04-24 19:00:00', 60.02, 0.00461),
(1, 126.82, 0.7, 75.46, 0.85, '2025-04-24 19:05:00', 60.02, 0.00629),
(2, 127.12, 0.53, 63.33, 0.94, '2025-04-24 19:05:00', 60.03, 0.00528),
(1, 126.84, 0.7, 76.36, 0.86, '2025-04-24 19:10:00', 60.02, 0.00636),
(2, 127.47, 0.49, 58.09, 0.93, '2025-04-24 19:10:00', 60.01, 0.00484),
(1, 126.87, 0.69, 74.41, 0.85, '2025-04-24 19:15:00', 59.98, 0.0062),
(2, 126.78, 0.45, 54.77, 0.96, '2025-04-24 19:15:00', 59.97, 0.00456),
(1, 126.96, 0.69, 72.71, 0.83, '2025-04-24 19:20:00', 60.01, 0.00606),
(2, 127.15, 0.49, 57.94, 0.93, '2025-04-24 19:20:00', 59.96, 0.00483),
(1, 126.68, 0.71, 74.65, 0.83, '2025-04-24 19:25:00', 60.01, 0.00622),
(2, 127.29, 0.48, 58.66, 0.96, '2025-04-24 19:25:00', 60.02, 0.00489),
(1, 127.08, 0.69, 72.78, 0.83, '2025-04-24 19:30:00', 60.0, 0.00606),
(2, 126.81, 0.51, 61.44, 0.95, '2025-04-24 19:30:00', 60.04, 0.00512),
(1, 126.9, 0.68, 73.35, 0.85, '2025-04-24 19:35:00', 59.96, 0.00611),
(2, 127.34, 0.5, 59.21, 0.93, '2025-04-24 19:35:00', 60.02, 0.00493),
(1, 127.22, 0.7, 73.91, 0.83, '2025-04-24 19:40:00', 59.95, 0.00616),
(2, 126.56, 0.47, 55.32, 0.93, '2025-04-24 19:40:00', 60.01, 0.00461),
(1, 127.23, 0.75, 83.02, 0.87, '2025-04-24 19:45:00', 60.01, 0.00692),
(2, 126.68, 0.54, 64.99, 0.95, '2025-04-24 19:45:00', 60.03, 0.00542),
(1, 126.76, 0.72, 78.49, 0.86, '2025-04-24 19:50:00', 59.97, 0.00654),
(2, 127.5, 0.52, 63.65, 0.96, '2025-04-24 19:50:00', 60.04, 0.0053),
(1, 127.26, 0.67, 69.92, 0.82, '2025-04-24 19:55:00', 59.99, 0.00583),
(2, 126.82, 0.52, 63.97, 0.97, '2025-04-24 19:55:00', 60.05, 0.00533),
(1, 127.35, 0.73, 77.16, 0.83, '2025-04-24 20:00:00', 60.01, 0.00643),
(2, 127.12, 0.48, 57.36, 0.94, '2025-04-24 20:00:00', 59.97, 0.00478),
(3, 127.12, 1.53, 151.71, 0.78, '2025-04-24 20:00:00', 60.03, 0.01264),
(1, 127.39, 0.67, 70.84, 0.83, '2025-04-24 20:05:00', 59.97, 0.0059),
(2, 126.79, 0.47, 56.02, 0.94, '2025-04-24 20:05:00', 60.02, 0.00467),
(3, 127.23, 1.48, 152.52, 0.81, '2025-04-24 20:05:00', 59.97, 0.01271),
(1, 126.95, 0.67, 72.3, 0.85, '2025-04-24 20:10:00', 60.01, 0.00602),
(2, 126.8, 0.49, 59.65, 0.96, '2025-04-24 20:10:00', 60.0, 0.00497),
(3, 126.64, 1.46, 147.92, 0.8, '2025-04-24 20:10:00', 59.95, 0.01233),
(1, 127.19, 0.65, 71.93, 0.87, '2025-04-24 20:15:00', 59.98, 0.00599),
(2, 127.48, 0.46, 54.54, 0.93, '2025-04-24 20:15:00', 59.97, 0.00454),
(3, 127.01, 1.51, 149.59, 0.78, '2025-04-24 20:15:00', 59.99, 0.01247),
(1, 127.0, 0.7, 74.68, 0.84, '2025-04-24 20:20:00', 60.0, 0.00622),
(2, 126.52, 0.53, 63.7, 0.95, '2025-04-24 20:20:00', 59.98, 0.00531),
(3, 126.7, 1.51, 153.05, 0.8, '2025-04-24 20:20:00', 60.0, 0.01275),
(1, 127.06, 0.73, 76.06, 0.82, '2025-04-24 20:25:00', 60.04, 0.00634),
(2, 126.91, 0.53, 62.55, 0.93, '2025-04-24 20:25:00', 59.97, 0.00521),
(3, 126.63, 1.49, 149.06, 0.79, '2025-04-24 20:25:00', 60.03, 0.01242),
(1, 126.95, 0.65, 67.66, 0.82, '2025-04-24 20:30:00', 60.02, 0.00564),
(2, 126.51, 0.5, 59.46, 0.94, '2025-04-24 20:30:00', 59.98, 0.00496),
(3, 126.76, 1.51, 149.3, 0.78, '2025-04-24 20:30:00', 59.99, 0.01244),
(1, 126.92, 0.69, 72.69, 0.83, '2025-04-24 20:35:00', 60.03, 0.00606),
(2, 127.24, 0.48, 58.02, 0.95, '2025-04-24 20:35:00', 59.98, 0.00483),
(3, 126.88, 1.55, 157.33, 0.8, '2025-04-24 20:35:00', 59.99, 0.01311),
(1, 126.99, 0.7, 74.67, 0.84, '2025-04-24 20:40:00', 59.99, 0.00622),
(2, 127.16, 0.52, 63.48, 0.96, '2025-04-24 20:40:00', 60.03, 0.00529),
(3, 127.34, 1.54, 152.96, 0.78, '2025-04-24 20:40:00', 59.97, 0.01275),
(1, 127.29, 0.75, 83.06, 0.87, '2025-04-24 20:45:00', 59.98, 0.00692),
(2, 127.43, 0.52, 62.95, 0.95, '2025-04-24 20:45:00', 60.03, 0.00525),
(3, 127.47, 1.55, 158.06, 0.8, '2025-04-24 20:45:00', 60.0, 0.01317),
(1, 127.47, 0.73, 80.03, 0.86, '2025-04-24 20:50:00', 60.03, 0.00667),
(2, 126.83, 0.46, 54.26, 0.93, '2025-04-24 20:50:00', 59.98, 0.00452),
(3, 126.66, 1.55, 157.06, 0.8, '2025-04-24 20:50:00', 60.02, 0.01309),
(1, 127.34, 0.74, 81.04, 0.86, '2025-04-24 20:55:00', 59.97, 0.00675),
(2, 126.94, 0.53, 63.24, 0.94, '2025-04-24 20:55:00', 60.05, 0.00527),
(3, 127.14, 1.51, 155.5, 0.81, '2025-04-24 20:55:00', 59.96, 0.01296),
(1, 126.91, 0.69, 72.68, 0.83, '2025-04-24 21:00:00', 59.99, 0.00606),
(2, 127.1, 0.53, 63.99, 0.95, '2025-04-24 21:00:00', 59.98, 0.00533),
(3, 126.93, 1.48, 150.29, 0.8, '2025-04-24 21:00:00', 60.03, 0.01252),
(1, 127.29, 0.72, 78.82, 0.86, '2025-04-24 21:05:00', 59.98, 0.00657),
(2, 127.25, 0.5, 60.44, 0.95, '2025-04-24 21:05:00', 59.97, 0.00504),
(3, 127.29, 1.52, 156.72, 0.81, '2025-04-24 21:05:00', 59.97, 0.01306),
(1, 126.98, 0.69, 71.85, 0.82, '2025-04-24 21:10:00', 59.96, 0.00599),
(2, 127.0, 0.47, 56.11, 0.94, '2025-04-24 21:10:00', 60.02, 0.00468),
(3, 126.71, 1.49, 151.04, 0.8, '2025-04-24 21:10:00', 60.02, 0.01259),
(1, 126.94, 0.7, 73.75, 0.83, '2025-04-24 21:15:00', 59.99, 0.00615),
(2, 126.96, 0.47, 55.49, 0.93, '2025-04-24 21:15:00', 60.0, 0.00462),
(3, 127.36, 1.46, 146.9, 0.79, '2025-04-24 21:15:00', 60.04, 0.01224),
(1, 126.54, 0.73, 79.44, 0.86, '2025-04-24 21:20:00', 60.03, 0.00662),
(2, 126.72, 0.48, 57.18, 0.94, '2025-04-24 21:20:00', 60.0, 0.00476),
(3, 126.98, 1.48, 146.59, 0.78, '2025-04-24 21:20:00', 60.03, 0.01222),
(1, 126.84, 0.69, 76.14, 0.87, '2025-04-24 21:25:00', 59.96, 0.00634),
(2, 127.23, 0.5, 59.16, 0.93, '2025-04-24 21:25:00', 59.98, 0.00493),
(3, 127.2, 1.48, 148.72, 0.79, '2025-04-24 21:25:00', 59.98, 0.01239),
(1, 126.99, 0.68, 73.4, 0.85, '2025-04-24 21:30:00', 60.02, 0.00612),
(2, 126.98, 0.46, 55.49, 0.95, '2025-04-24 21:30:00', 59.97, 0.00462),
(3, 127.13, 1.47, 151.37, 0.81, '2025-04-24 21:30:00', 60.0, 0.01261),
(1, 126.86, 0.65, 71.74, 0.87, '2025-04-24 21:35:00', 59.98, 0.00598),
(2, 126.95, 0.55, 66.33, 0.95, '2025-04-24 21:35:00', 59.96, 0.00553),
(3, 126.53, 1.52, 150.01, 0.78, '2025-04-24 21:35:00', 59.97, 0.0125),
(1, 127.21, 0.71, 77.67, 0.86, '2025-04-24 21:40:00', 60.01, 0.00647),
(2, 127.46, 0.47, 57.51, 0.96, '2025-04-24 21:40:00', 59.98, 0.00479),
(3, 127.43, 1.51, 155.86, 0.81, '2025-04-24 21:40:00', 59.95, 0.01299),
(1, 126.97, 0.68, 74.25, 0.86, '2025-04-24 21:45:00', 60.02, 0.00619),
(2, 127.24, 0.5, 59.8, 0.94, '2025-04-24 21:45:00', 59.98, 0.00498),
(3, 127.04, 1.53, 153.55, 0.79, '2025-04-24 21:45:00', 60.0, 0.0128),
(1, 126.88, 0.72, 78.56, 0.86, '2025-04-24 21:50:00', 60.04, 0.00655),
(2, 126.63, 0.48, 58.35, 0.96, '2025-04-24 21:50:00', 60.02, 0.00486),
(3, 127.06, 1.45, 145.55, 0.79, '2025-04-24 21:50:00', 59.97, 0.01213),
(1, 127.42, 0.68, 75.38, 0.87, '2025-04-24 21:55:00', 59.97, 0.00628),
(2, 127.16, 0.45, 54.93, 0.96, '2025-04-24 21:55:00', 60.02, 0.00458),
(3, 126.77, 1.47, 145.35, 0.78, '2025-04-24 21:55:00', 60.0, 0.01211),
(1, 126.81, 0.74, 77.89, 0.83, '2025-04-24 22:00:00', 60.05, 0.00649),
(3, 127.28, 1.49, 151.72, 0.8, '2025-04-24 22:00:00', 60.04, 0.01264),
(1, 126.73, 0.67, 71.32, 0.84, '2025-04-24 22:05:00', 60.02, 0.00594),
(3, 127.34, 1.48, 152.66, 0.81, '2025-04-24 22:05:00', 59.98, 0.01272),
(1, 127.49, 0.69, 73.89, 0.84, '2025-04-24 22:10:00', 59.98, 0.00616),
(3, 126.56, 1.53, 152.97, 0.79, '2025-04-24 22:10:00', 60.02, 0.01275),
(1, 126.94, 0.73, 80.62, 0.87, '2025-04-24 22:15:00', 60.03, 0.00672),
(3, 127.06, 1.53, 151.63, 0.78, '2025-04-24 22:15:00', 60.01, 0.01264),
(1, 126.63, 0.67, 72.96, 0.86, '2025-04-24 22:20:00', 59.98, 0.00608),
(3, 126.54, 1.54, 157.85, 0.81, '2025-04-24 22:20:00', 59.98, 0.01315),
(1, 127.35, 0.73, 77.16, 0.83, '2025-04-24 22:25:00', 59.98, 0.00643),
(3, 127.34, 1.46, 148.73, 0.8, '2025-04-24 22:25:00', 59.98, 0.01239),
(1, 127.35, 0.71, 77.76, 0.86, '2025-04-24 22:30:00', 59.97, 0.00648),
(3, 126.75, 1.51, 153.11, 0.8, '2025-04-24 22:30:00', 60.0, 0.01276),
(1, 126.75, 0.68, 71.54, 0.83, '2025-04-24 22:35:00', 60.0, 0.00596),
(3, 127.0, 1.48, 148.49, 0.79, '2025-04-24 22:35:00', 60.02, 0.01237),
(1, 126.99, 0.73, 77.87, 0.84, '2025-04-24 22:40:00', 60.04, 0.00649),
(3, 127.46, 1.53, 154.06, 0.79, '2025-04-24 22:40:00', 59.98, 0.01284),
(1, 126.86, 0.71, 78.36, 0.87, '2025-04-24 22:45:00', 60.04, 0.00653),
(3, 126.52, 1.49, 150.81, 0.8, '2025-04-24 22:45:00', 60.04, 0.01257),
(1, 126.72, 0.67, 72.17, 0.85, '2025-04-24 22:50:00', 59.98, 0.00601),
(3, 127.44, 1.45, 149.68, 0.81, '2025-04-24 22:50:00', 59.97, 0.01247),
(1, 126.75, 0.74, 79.73, 0.85, '2025-04-24 22:55:00', 60.04, 0.00664),
(3, 127.2, 1.46, 148.57, 0.8, '2025-04-24 22:55:00', 60.03, 0.01238),
(1, 127.31, 0.74, 81.02, 0.86, '2025-04-24 23:00:00', 60.02, 0.00675),
(3, 126.96, 1.48, 148.44, 0.79, '2025-04-24 23:00:00', 60.05, 0.01237),
(1, 127.43, 0.66, 70.65, 0.84, '2025-04-24 23:05:00', 60.01, 0.00589),
(3, 126.79, 1.47, 149.11, 0.8, '2025-04-24 23:05:00', 60.0, 0.01243),
(1, 126.94, 0.73, 79.69, 0.86, '2025-04-24 23:10:00', 60.02, 0.00664),
(3, 126.7, 1.52, 157.92, 0.82, '2025-04-24 23:10:00', 60.03, 0.01316),
(1, 126.76, 0.7, 75.42, 0.85, '2025-04-24 23:15:00', 60.02, 0.00628),
(3, 126.58, 1.53, 158.81, 0.82, '2025-04-24 23:15:00', 60.04, 0.01323),
(1, 126.81, 0.71, 74.73, 0.83, '2025-04-24 23:20:00', 60.02, 0.00623),
(3, 127.23, 1.51, 153.69, 0.8, '2025-04-24 23:20:00', 60.03, 0.01281),
(1, 126.58, 0.71, 77.29, 0.86, '2025-04-24 23:25:00', 60.05, 0.00644),
(3, 127.1, 1.45, 147.44, 0.8, '2025-04-24 23:25:00', 60.0, 0.01229),
(1, 126.82, 0.67, 70.52, 0.83, '2025-04-24 23:30:00', 60.0, 0.00588),
(3, 126.56, 1.49, 152.75, 0.81, '2025-04-24 23:30:00', 59.97, 0.01273),
(1, 127.13, 0.72, 75.06, 0.82, '2025-04-24 23:35:00', 60.01, 0.00626),
(3, 127.41, 1.5, 156.71, 0.82, '2025-04-24 23:35:00', 60.01, 0.01306),
(1, 126.62, 0.69, 74.26, 0.85, '2025-04-24 23:40:00', 59.97, 0.00619),
(3, 126.53, 1.48, 153.56, 0.82, '2025-04-24 23:40:00', 60.0, 0.0128),
(1, 126.99, 0.69, 71.85, 0.82, '2025-04-24 23:45:00', 60.05, 0.00599),
(3, 127.19, 1.48, 150.59, 0.8, '2025-04-24 23:45:00', 59.96, 0.01255),
(1, 127.4, 0.66, 69.79, 0.83, '2025-04-24 23:50:00', 59.99, 0.00582),
(3, 126.73, 1.48, 151.92, 0.81, '2025-04-24 23:50:00', 59.96, 0.01266),
(1, 126.93, 0.65, 69.3, 0.84, '2025-04-24 23:55:00', 60.03, 0.00577),
(3, 127.03, 1.47, 147.52, 0.79, '2025-04-24 23:55:00', 59.96, 0.01229),
(1, 127.21, 0.71, 76.77, 0.85, '2025-04-25 00:00:00', 60.01, 0.0064),
(1, 127.04, 0.75, 79.08, 0.83, '2025-04-25 00:05:00', 60.01, 0.00659),
(1, 127.06, 0.7, 74.71, 0.84, '2025-04-25 00:10:00', 60.0, 0.00623),
(1, 126.98, 0.71, 75.73, 0.84, '2025-04-25 00:15:00', 59.99, 0.00631),
(1, 126.64, 0.68, 73.2, 0.85, '2025-04-25 00:20:00', 59.97, 0.0061),
(1, 126.88, 0.66, 68.67, 0.82, '2025-04-25 00:25:00', 60.01, 0.00572),
(1, 127.41, 0.7, 75.81, 0.85, '2025-04-25 00:30:00', 59.97, 0.00632),
(1, 127.15, 0.67, 70.71, 0.83, '2025-04-25 00:35:00', 60.01, 0.00589),
(1, 126.77, 0.66, 71.12, 0.85, '2025-04-25 00:40:00', 60.04, 0.00593),
(1, 127.2, 0.74, 79.07, 0.84, '2025-04-25 00:45:00', 59.99, 0.00659),
(1, 127.35, 0.67, 72.53, 0.85, '2025-04-25 00:50:00', 60.04, 0.00604),
(1, 127.03, 0.7, 75.58, 0.85, '2025-04-25 00:55:00', 59.98, 0.0063),
(1, 126.56, 0.7, 76.19, 0.86, '2025-04-25 01:00:00', 60.03, 0.00635),
(1, 126.8, 0.71, 77.42, 0.86, '2025-04-25 01:05:00', 59.97, 0.00645),
(1, 127.14, 0.67, 70.7, 0.83, '2025-04-25 01:10:00', 59.98, 0.00589),
(1, 127.33, 0.73, 77.15, 0.83, '2025-04-25 01:15:00', 59.98, 0.00643),
(1, 126.66, 0.71, 77.34, 0.86, '2025-04-25 01:20:00', 59.98, 0.00645),
(1, 127.07, 0.71, 75.78, 0.84, '2025-04-25 01:25:00', 59.95, 0.00631),
(1, 127.15, 0.74, 77.15, 0.82, '2025-04-25 01:30:00', 60.03, 0.00643),
(1, 126.88, 0.7, 73.72, 0.83, '2025-04-25 01:35:00', 60.01, 0.00614),
(1, 126.75, 0.69, 71.72, 0.82, '2025-04-25 01:40:00', 60.05, 0.00598),
(1, 126.97, 0.73, 76.93, 0.83, '2025-04-25 01:45:00', 60.0, 0.00641),
(1, 127.4, 0.68, 73.64, 0.85, '2025-04-25 01:50:00', 59.98, 0.00614),
(1, 127.11, 0.73, 78.87, 0.85, '2025-04-25 01:55:00', 59.99, 0.00657),
(1, 126.68, 0.71, 78.25, 0.87, '2025-04-25 02:00:00', 59.95, 0.00652),
(1, 126.64, 0.66, 70.21, 0.84, '2025-04-25 02:05:00', 60.02, 0.00585),
(1, 126.53, 0.69, 74.21, 0.85, '2025-04-25 02:10:00', 59.95, 0.00618),
(1, 126.92, 0.73, 76.9, 0.83, '2025-04-25 02:15:00', 60.0, 0.00641),
(1, 127.19, 0.71, 77.66, 0.86, '2025-04-25 02:20:00', 59.99, 0.00647),
(1, 126.85, 0.66, 71.16, 0.85, '2025-04-25 02:25:00', 59.97, 0.00593),
(1, 127.06, 0.7, 76.49, 0.86, '2025-04-25 02:30:00', 60.0, 0.00637),
(1, 127.21, 0.73, 78.93, 0.85, '2025-04-25 02:35:00', 59.97, 0.00658),
(1, 127.34, 0.7, 74.88, 0.84, '2025-04-25 02:40:00', 59.97, 0.00624),
(1, 127.44, 0.68, 74.53, 0.86, '2025-04-25 02:45:00', 59.96, 0.00621),
(1, 127.26, 0.7, 76.61, 0.86, '2025-04-25 02:50:00', 60.0, 0.00638),
(1, 127.42, 0.7, 74.03, 0.83, '2025-04-25 02:55:00', 60.01, 0.00617),
(1, 127.03, 0.69, 71.87, 0.82, '2025-04-25 03:00:00', 60.02, 0.00599),
(1, 127.19, 0.73, 77.06, 0.83, '2025-04-25 03:05:00', 59.98, 0.00642),
(1, 127.41, 0.7, 75.81, 0.85, '2025-04-25 03:10:00', 59.98, 0.00632),
(1, 126.53, 0.69, 72.46, 0.83, '2025-04-25 03:15:00', 59.99, 0.00604),
(1, 126.66, 0.66, 71.89, 0.86, '2025-04-25 03:20:00', 59.98, 0.00599),
(1, 126.56, 0.74, 79.61, 0.85, '2025-04-25 03:25:00', 59.96, 0.00663),
(1, 127.25, 0.69, 75.51, 0.86, '2025-04-25 03:30:00', 60.02, 0.00629),
(1, 127.45, 0.71, 75.11, 0.83, '2025-04-25 03:35:00', 59.96, 0.00626),
(1, 127.02, 0.68, 70.83, 0.82, '2025-04-25 03:40:00', 60.01, 0.0059),
(1, 126.92, 0.7, 75.52, 0.85, '2025-04-25 03:45:00', 60.02, 0.00629),
(1, 126.55, 0.73, 78.52, 0.85, '2025-04-25 03:50:00', 59.96, 0.00654),
(1, 127.17, 0.71, 75.84, 0.84, '2025-04-25 03:55:00', 59.97, 0.00632),
(1, 126.96, 0.66, 71.22, 0.85, '2025-04-25 04:00:00', 60.0, 0.00593),
(1, 127.29, 0.73, 77.13, 0.83, '2025-04-25 04:05:00', 59.98, 0.00643),
(1, 127.33, 0.66, 71.43, 0.85, '2025-04-25 04:10:00', 60.01, 0.00595),
(1, 126.94, 0.73, 76.91, 0.83, '2025-04-25 04:15:00', 60.03, 0.00641),
(1, 127.28, 0.73, 77.12, 0.83, '2025-04-25 04:20:00', 59.99, 0.00643),
(1, 126.73, 0.72, 78.47, 0.86, '2025-04-25 04:25:00', 60.02, 0.00654),
(1, 127.21, 0.72, 76.94, 0.84, '2025-04-25 04:30:00', 59.99, 0.00641),
(1, 127.43, 0.7, 76.71, 0.86, '2025-04-25 04:35:00', 59.98, 0.00639),
(1, 127.26, 0.65, 70.31, 0.85, '2025-04-25 04:40:00', 59.95, 0.00586),
(1, 127.2, 0.72, 76.01, 0.83, '2025-04-25 04:45:00', 59.96, 0.00633),
(1, 126.74, 0.69, 71.71, 0.82, '2025-04-25 04:50:00', 59.98, 0.00598),
(1, 127.41, 0.67, 70.0, 0.82, '2025-04-25 04:55:00', 60.0, 0.00583),
(1, 126.93, 0.68, 73.37, 0.85, '2025-04-25 05:00:00', 59.97, 0.00611),
(1, 126.55, 0.71, 73.68, 0.82, '2025-04-25 05:05:00', 60.02, 0.00614),
(1, 127.19, 0.74, 80.0, 0.85, '2025-04-25 05:10:00', 59.99, 0.00667),
(1, 126.79, 0.73, 76.82, 0.83, '2025-04-25 05:15:00', 59.96, 0.0064),
(1, 126.9, 0.73, 78.74, 0.85, '2025-04-25 05:20:00', 59.97, 0.00656),
(1, 127.11, 0.75, 81.03, 0.85, '2025-04-25 05:25:00', 60.01, 0.00675),
(1, 126.66, 0.66, 69.38, 0.83, '2025-04-25 05:30:00', 60.0, 0.00578),
(1, 127.35, 0.71, 77.76, 0.86, '2025-04-25 05:35:00', 59.98, 0.00648),
(1, 127.3, 0.73, 77.13, 0.83, '2025-04-25 05:40:00', 59.95, 0.00643),
(1, 127.29, 0.7, 77.52, 0.87, '2025-04-25 05:45:00', 60.03, 0.00646),
(1, 127.03, 0.71, 76.66, 0.85, '2025-04-25 05:50:00', 60.04, 0.00639),
(1, 126.87, 0.74, 78.86, 0.84, '2025-04-25 05:55:00', 59.97, 0.00657),
(1, 127.17, 0.74, 79.05, 0.84, '2025-04-25 06:00:00', 60.04, 0.00659),
(3, 126.56, 1.45, 150.48, 0.82, '2025-04-25 06:00:00', 59.99, 0.01254),
(1, 126.71, 0.66, 70.25, 0.84, '2025-04-25 06:05:00', 60.01, 0.00585),
(3, 126.78, 1.47, 150.96, 0.81, '2025-04-25 06:05:00', 60.03, 0.01258),
(1, 126.53, 0.72, 78.35, 0.86, '2025-04-25 06:10:00', 59.97, 0.00653),
(3, 126.5, 1.46, 151.45, 0.82, '2025-04-25 06:10:00', 60.01, 0.01262),
(1, 127.39, 0.75, 80.26, 0.84, '2025-04-25 06:15:00', 59.97, 0.00669),
(3, 127.14, 1.49, 153.45, 0.81, '2025-04-25 06:15:00', 59.99, 0.01279),
(1, 126.67, 0.69, 74.29, 0.85, '2025-04-25 06:20:00', 59.95, 0.00619),
(3, 126.93, 1.55, 161.33, 0.82, '2025-04-25 06:20:00', 60.02, 0.01344),
(1, 127.24, 0.71, 77.69, 0.86, '2025-04-25 06:25:00', 59.98, 0.00647),
(3, 127.26, 1.5, 152.71, 0.8, '2025-04-25 06:25:00', 59.97, 0.01273),
(1, 127.33, 0.67, 70.81, 0.83, '2025-04-25 06:30:00', 60.0, 0.0059),
(3, 127.48, 1.54, 153.13, 0.78, '2025-04-25 06:30:00', 59.98, 0.01276),
(1, 126.74, 0.7, 74.52, 0.84, '2025-04-25 06:35:00', 60.04, 0.00621),
(3, 126.75, 1.55, 153.24, 0.78, '2025-04-25 06:35:00', 60.04, 0.01277),
(1, 126.62, 0.66, 71.03, 0.85, '2025-04-25 06:40:00', 60.0, 0.00592),
(3, 126.67, 1.5, 153.9, 0.81, '2025-04-25 06:40:00', 59.96, 0.01282),
(1, 126.61, 0.65, 70.77, 0.86, '2025-04-25 06:45:00', 60.0, 0.0059),
(3, 127.4, 1.47, 153.57, 0.82, '2025-04-25 06:45:00', 59.95, 0.0128),
(1, 126.97, 0.69, 74.47, 0.85, '2025-04-25 06:50:00', 59.95, 0.00621),
(3, 127.13, 1.52, 158.45, 0.82, '2025-04-25 06:50:00', 59.97, 0.0132),
(1, 127.28, 0.69, 73.77, 0.84, '2025-04-25 06:55:00', 60.05, 0.00615),
(3, 127.04, 1.48, 148.54, 0.79, '2025-04-25 06:55:00', 60.01, 0.01238),
(1, 127.05, 0.75, 80.99, 0.85, '2025-04-25 07:00:00', 60.0, 0.00675),
(2, 126.96, 0.47, 56.69, 0.95, '2025-04-25 07:00:00', 60.03, 0.00472),
(3, 126.53, 1.48, 153.56, 0.82, '2025-04-25 07:00:00', 59.96, 0.0128),
(1, 126.76, 0.67, 73.04, 0.86, '2025-04-25 07:05:00', 60.01, 0.00609),
(2, 126.62, 0.46, 55.33, 0.95, '2025-04-25 07:05:00', 60.02, 0.00461),
(3, 126.51, 1.48, 147.92, 0.79, '2025-04-25 07:05:00', 59.99, 0.01233),
(1, 127.24, 0.67, 72.46, 0.85, '2025-04-25 07:10:00', 59.97, 0.00604),
(2, 126.84, 0.5, 59.61, 0.94, '2025-04-25 07:10:00', 59.96, 0.00497),
(3, 127.0, 1.49, 153.28, 0.81, '2025-04-25 07:10:00', 60.0, 0.01277),
(1, 126.58, 0.72, 76.56, 0.84, '2025-04-25 07:15:00', 60.0, 0.00638),
(2, 126.58, 0.55, 65.44, 0.94, '2025-04-25 07:15:00', 59.96, 0.00545),
(3, 126.57, 1.51, 150.99, 0.79, '2025-04-25 07:15:00', 60.02, 0.01258),
(1, 126.82, 0.66, 70.31, 0.84, '2025-04-25 07:20:00', 60.03, 0.00586),
(2, 127.2, 0.51, 62.28, 0.96, '2025-04-25 07:20:00', 59.96, 0.00519),
(3, 127.14, 1.49, 151.55, 0.8, '2025-04-25 07:20:00', 59.98, 0.01263),
(1, 126.64, 0.75, 80.73, 0.85, '2025-04-25 07:25:00', 59.95, 0.00673),
(2, 127.15, 0.46, 54.39, 0.93, '2025-04-25 07:25:00', 60.03, 0.00453),
(3, 126.97, 1.47, 153.05, 0.82, '2025-04-25 07:25:00', 60.0, 0.01275),
(1, 126.66, 0.66, 70.22, 0.84, '2025-04-25 07:30:00', 60.03, 0.00585),
(2, 126.55, 0.49, 59.53, 0.96, '2025-04-25 07:30:00', 59.99, 0.00496),
(3, 127.49, 1.53, 159.95, 0.82, '2025-04-25 07:30:00', 60.03, 0.01333),
(1, 126.61, 0.67, 72.1, 0.85, '2025-04-25 07:35:00', 59.98, 0.00601),
(2, 126.79, 0.5, 58.96, 0.93, '2025-04-25 07:35:00', 59.96, 0.00491),
(3, 127.26, 1.54, 158.74, 0.81, '2025-04-25 07:35:00', 59.97, 0.01323),
(1, 126.55, 0.74, 78.66, 0.84, '2025-04-25 07:40:00', 59.98, 0.00656),
(2, 126.56, 0.5, 59.48, 0.94, '2025-04-25 07:40:00', 59.95, 0.00496),
(3, 126.6, 1.53, 151.08, 0.78, '2025-04-25 07:40:00', 60.01, 0.01259),
(1, 126.93, 0.72, 74.94, 0.82, '2025-04-25 07:45:00', 60.05, 0.00624),
(2, 126.92, 0.5, 60.29, 0.95, '2025-04-25 07:45:00', 60.01, 0.00502),
(3, 127.4, 1.48, 150.84, 0.8, '2025-04-25 07:45:00', 60.02, 0.01257),
(1, 127.19, 0.71, 75.86, 0.84, '2025-04-25 07:50:00', 59.97, 0.00632),
(2, 127.02, 0.52, 61.43, 0.93, '2025-04-25 07:50:00', 59.95, 0.00512),
(3, 127.41, 1.48, 152.74, 0.81, '2025-04-25 07:50:00', 60.01, 0.01273),
(1, 127.0, 0.72, 77.72, 0.85, '2025-04-25 07:55:00', 59.97, 0.00648),
(2, 126.68, 0.48, 58.37, 0.96, '2025-04-25 07:55:00', 60.0, 0.00486),
(3, 127.24, 1.46, 150.47, 0.81, '2025-04-25 07:55:00', 60.0, 0.01254),
(1, 126.68, 0.73, 76.76, 0.83, '2025-04-25 08:00:00', 60.01, 0.0064),
(2, 126.76, 0.53, 64.5, 0.96, '2025-04-25 08:00:00', 60.02, 0.00537),
(1, 127.04, 0.72, 75.92, 0.83, '2025-04-25 08:05:00', 60.01, 0.00633),
(2, 127.35, 0.52, 62.91, 0.95, '2025-04-25 08:05:00', 59.96, 0.00524),
(1, 127.24, 0.65, 68.65, 0.83, '2025-04-25 08:10:00', 60.02, 0.00572),
(2, 126.62, 0.49, 60.18, 0.97, '2025-04-25 08:10:00', 59.98, 0.00501),
(1, 127.45, 0.66, 70.66, 0.84, '2025-04-25 08:15:00', 59.98, 0.00589),
(2, 127.31, 0.52, 62.23, 0.94, '2025-04-25 08:15:00', 59.99, 0.00519),
(1, 127.26, 0.69, 76.39, 0.87, '2025-04-25 08:20:00', 60.04, 0.00637),
(2, 127.24, 0.52, 62.19, 0.94, '2025-04-25 08:20:00', 60.01, 0.00518),
(1, 127.33, 0.73, 80.87, 0.87, '2025-04-25 08:25:00', 60.0, 0.00674),
(2, 127.37, 0.47, 55.67, 0.93, '2025-04-25 08:25:00', 59.97, 0.00464),
(1, 126.54, 0.66, 69.32, 0.83, '2025-04-25 08:30:00', 60.0, 0.00578),
(2, 126.87, 0.46, 55.44, 0.95, '2025-04-25 08:30:00', 60.01, 0.00462),
(1, 127.31, 0.68, 70.99, 0.82, '2025-04-25 08:35:00', 59.99, 0.00592),
(2, 127.47, 0.54, 66.08, 0.96, '2025-04-25 08:35:00', 59.96, 0.00551),
(1, 126.97, 0.66, 69.55, 0.83, '2025-04-25 08:40:00', 59.97, 0.0058),
(2, 127.39, 0.51, 60.42, 0.93, '2025-04-25 08:40:00', 59.96, 0.00504),
(1, 126.92, 0.68, 73.36, 0.85, '2025-04-25 08:45:00', 60.01, 0.00611),
(2, 127.04, 0.52, 62.76, 0.95, '2025-04-25 08:45:00', 60.02, 0.00523),
(1, 127.12, 0.74, 77.14, 0.82, '2025-04-25 08:50:00', 59.98, 0.00643),
(2, 126.91, 0.53, 64.57, 0.96, '2025-04-25 08:50:00', 60.02, 0.00538),
(1, 126.9, 0.69, 72.68, 0.83, '2025-04-25 08:55:00', 60.03, 0.00606),
(2, 126.61, 0.5, 61.41, 0.97, '2025-04-25 08:55:00', 60.0, 0.00512),
(1, 126.68, 0.74, 78.74, 0.84, '2025-04-25 09:00:00', 59.95, 0.00656),
(2, 126.63, 0.5, 58.88, 0.93, '2025-04-25 09:00:00', 60.01, 0.00491),
(1, 127.45, 0.67, 71.73, 0.84, '2025-04-25 09:05:00', 59.96, 0.00598),
(2, 127.37, 0.48, 58.69, 0.96, '2025-04-25 09:05:00', 59.96, 0.00489),
(1, 127.39, 0.67, 72.55, 0.85, '2025-04-25 09:10:00', 60.0, 0.00605),
(2, 127.29, 0.49, 58.01, 0.93, '2025-04-25 09:10:00', 60.01, 0.00483),
(1, 127.06, 0.67, 69.81, 0.82, '2025-04-25 09:15:00', 60.04, 0.00582),
(2, 126.51, 0.51, 62.58, 0.97, '2025-04-25 09:15:00', 60.0, 0.00522),
(1, 127.32, 0.73, 78.07, 0.84, '2025-04-25 09:20:00', 60.01, 0.00651),
(2, 126.54, 0.46, 55.3, 0.95, '2025-04-25 09:20:00', 60.04, 0.00461),
(1, 126.52, 0.73, 78.51, 0.85, '2025-04-25 09:25:00', 60.04, 0.00654),
(2, 127.06, 0.54, 64.5, 0.94, '2025-04-25 09:25:00', 59.97, 0.00537),
(1, 126.72, 0.7, 77.17, 0.87, '2025-04-25 09:30:00', 60.04, 0.00643),
(2, 126.99, 0.47, 56.1, 0.94, '2025-04-25 09:30:00', 60.03, 0.00467),
(1, 126.58, 0.71, 77.29, 0.86, '2025-04-25 09:35:00', 60.04, 0.00644),
(2, 126.62, 0.46, 55.92, 0.96, '2025-04-25 09:35:00', 60.04, 0.00466),
(1, 127.33, 0.73, 77.15, 0.83, '2025-04-25 09:40:00', 60.04, 0.00643),
(2, 127.37, 0.54, 65.34, 0.95, '2025-04-25 09:40:00', 59.99, 0.00545),
(1, 127.2, 0.68, 74.39, 0.86, '2025-04-25 09:45:00', 59.96, 0.0062),
(2, 127.06, 0.5, 59.72, 0.94, '2025-04-25 09:45:00', 59.97, 0.00498),
(1, 127.43, 0.7, 75.82, 0.85, '2025-04-25 09:50:00', 59.95, 0.00632),
(2, 126.83, 0.5, 61.51, 0.97, '2025-04-25 09:50:00', 60.01, 0.00513),
(1, 127.14, 0.67, 69.85, 0.82, '2025-04-25 09:55:00', 59.96, 0.00582),
(2, 127.32, 0.54, 64.63, 0.94, '2025-04-25 09:55:00', 59.96, 0.00539),
(1, 126.91, 0.74, 79.83, 0.85, '2025-04-25 10:00:00', 60.03, 0.00665),
(2, 126.67, 0.53, 63.78, 0.95, '2025-04-25 10:00:00', 60.01, 0.00531),
(1, 126.61, 0.67, 72.1, 0.85, '2025-04-25 10:05:00', 60.02, 0.00601),
(2, 127.14, 0.53, 64.69, 0.96, '2025-04-25 10:05:00', 60.03, 0.00539),
(1, 127.4, 0.7, 76.69, 0.86, '2025-04-25 10:10:00', 59.97, 0.00639),
(2, 126.9, 0.49, 60.32, 0.97, '2025-04-25 10:10:00', 59.97, 0.00503),
(1, 126.64, 0.7, 77.12, 0.87, '2025-04-25 10:15:00', 60.02, 0.00643),
(2, 126.5, 0.51, 62.58, 0.97, '2025-04-25 10:15:00', 59.97, 0.00522),
(1, 126.56, 0.65, 70.75, 0.86, '2025-04-25 10:20:00', 59.97, 0.0059),
(2, 126.75, 0.5, 60.21, 0.95, '2025-04-25 10:20:00', 60.01, 0.00502),
(1, 127.46, 0.69, 76.51, 0.87, '2025-04-25 10:25:00', 59.96, 0.00638),
(2, 127.43, 0.5, 59.25, 0.93, '2025-04-25 10:25:00', 59.95, 0.00494),
(1, 126.71, 0.74, 80.64, 0.86, '2025-04-25 10:30:00', 60.02, 0.00672),
(2, 127.38, 0.52, 61.6, 0.93, '2025-04-25 10:30:00', 60.03, 0.00513),
(1, 127.18, 0.65, 69.44, 0.84, '2025-04-25 10:35:00', 60.02, 0.00579),
(2, 126.63, 0.49, 59.57, 0.96, '2025-04-25 10:35:00', 60.05, 0.00496),
(1, 127.11, 0.69, 74.55, 0.85, '2025-04-25 10:40:00', 59.95, 0.00621),
(2, 126.76, 0.5, 61.48, 0.97, '2025-04-25 10:40:00', 60.01, 0.00512),
(1, 127.23, 0.68, 70.94, 0.82, '2025-04-25 10:45:00', 59.97, 0.00591),
(2, 127.03, 0.54, 65.17, 0.95, '2025-04-25 10:45:00', 60.02, 0.00543),
(1, 126.58, 0.7, 74.43, 0.84, '2025-04-25 10:50:00', 60.02, 0.0062),
(2, 126.79, 0.53, 64.51, 0.96, '2025-04-25 10:50:00', 60.02, 0.00538),
(1, 127.43, 0.67, 70.86, 0.83, '2025-04-25 10:55:00', 60.05, 0.0059),
(2, 126.51, 0.49, 57.65, 0.93, '2025-04-25 10:55:00', 60.01, 0.0048),
(1, 127.37, 0.69, 75.58, 0.86, '2025-04-25 11:00:00', 60.0, 0.0063),
(2, 126.79, 0.5, 60.23, 0.95, '2025-04-25 11:00:00', 59.96, 0.00502),
(1, 127.0, 0.7, 74.68, 0.84, '2025-04-25 11:05:00', 60.01, 0.00622),
(2, 127.31, 0.52, 63.55, 0.96, '2025-04-25 11:05:00', 59.98, 0.0053),
(1, 127.0, 0.7, 77.34, 0.87, '2025-04-25 11:10:00', 59.96, 0.00645),
(2, 126.98, 0.5, 60.32, 0.95, '2025-04-25 11:10:00', 60.0, 0.00503),
(1, 127.33, 0.65, 68.69, 0.83, '2025-04-25 11:15:00', 60.0, 0.00572),
(2, 126.81, 0.54, 64.37, 0.94, '2025-04-25 11:15:00', 59.96, 0.00536),
(1, 127.4, 0.7, 76.69, 0.86, '2025-04-25 11:20:00', 60.05, 0.00639),
(2, 126.8, 0.49, 58.4, 0.94, '2025-04-25 11:20:00', 59.96, 0.00487),
(1, 126.57, 0.74, 81.49, 0.87, '2025-04-25 11:25:00', 60.02, 0.00679),
(2, 127.03, 0.53, 64.63, 0.96, '2025-04-25 11:25:00', 59.96, 0.00539),
(1, 127.18, 0.73, 77.99, 0.84, '2025-04-25 11:30:00', 60.02, 0.0065),
(2, 127.39, 0.52, 61.61, 0.93, '2025-04-25 11:30:00', 59.97, 0.00513),
(1, 126.75, 0.74, 79.73, 0.85, '2025-04-25 11:35:00', 60.0, 0.00664),
(2, 126.87, 0.46, 54.86, 0.94, '2025-04-25 11:35:00', 60.0, 0.00457),
(1, 127.08, 0.68, 72.59, 0.84, '2025-04-25 11:40:00', 60.05, 0.00605),
(2, 126.6, 0.46, 56.49, 0.97, '2025-04-25 11:40:00', 59.97, 0.00471),
(1, 127.47, 0.68, 75.41, 0.87, '2025-04-25 11:45:00', 59.95, 0.00628),
(2, 127.48, 0.52, 63.64, 0.96, '2025-04-25 11:45:00', 60.03, 0.0053),
(1, 127.23, 0.66, 71.38, 0.85, '2025-04-25 11:50:00', 60.01, 0.00595),
(2, 126.56, 0.5, 61.38, 0.97, '2025-04-25 11:50:00', 59.97, 0.00512),
(1, 126.83, 0.7, 75.46, 0.85, '2025-04-25 11:55:00', 59.99, 0.00629),
(2, 126.84, 0.53, 64.54, 0.96, '2025-04-25 11:55:00', 59.97, 0.00538),
(1, 126.97, 0.69, 76.22, 0.87, '2025-04-25 12:00:00', 60.04, 0.00635),
(2, 127.3, 0.47, 56.24, 0.94, '2025-04-25 12:00:00', 59.96, 0.00469),
(1, 127.34, 0.74, 81.04, 0.86, '2025-04-25 12:05:00', 59.99, 0.00675),
(2, 126.78, 0.55, 66.24, 0.95, '2025-04-25 12:05:00', 60.01, 0.00552),
(1, 126.75, 0.72, 76.66, 0.84, '2025-04-25 12:10:00', 59.97, 0.00639),
(2, 126.51, 0.51, 61.94, 0.96, '2025-04-25 12:10:00', 59.95, 0.00516),
(1, 126.73, 0.71, 78.28, 0.87, '2025-04-25 12:15:00', 60.01, 0.00652),
(2, 126.66, 0.49, 60.2, 0.97, '2025-04-25 12:15:00', 59.98, 0.00502),
(1, 127.24, 0.66, 68.86, 0.82, '2025-04-25 12:20:00', 60.04, 0.00574),
(2, 127.33, 0.45, 54.43, 0.95, '2025-04-25 12:20:00', 60.03, 0.00454),
(1, 126.86, 0.74, 77.92, 0.83, '2025-04-25 12:25:00', 60.01, 0.00649),
(2, 126.74, 0.5, 59.57, 0.94, '2025-04-25 12:25:00', 60.05, 0.00496),
(1, 126.75, 0.68, 71.54, 0.83, '2025-04-25 12:30:00', 59.97, 0.00596),
(2, 126.55, 0.51, 60.67, 0.94, '2025-04-25 12:30:00', 59.96, 0.00506),
(1, 127.09, 0.74, 79.0, 0.84, '2025-04-25 12:35:00', 59.99, 0.00658),
(2, 126.9, 0.54, 65.1, 0.95, '2025-04-25 12:35:00', 59.96, 0.00542),
(1, 127.09, 0.71, 75.8, 0.84, '2025-04-25 12:40:00', 60.02, 0.00632),
(2, 126.61, 0.53, 63.08, 0.94, '2025-04-25 12:40:00', 60.0, 0.00526),
(1, 126.88, 0.71, 77.47, 0.86, '2025-04-25 12:45:00', 59.98, 0.00646),
(2, 127.08, 0.47, 57.34, 0.96, '2025-04-25 12:45:00', 60.01, 0.00478),
(1, 127.41, 0.66, 69.8, 0.83, '2025-04-25 12:50:00', 60.04, 0.00582),
(2, 127.46, 0.51, 61.75, 0.95, '2025-04-25 12:50:00', 59.98, 0.00515),
(1, 126.81, 0.7, 73.68, 0.83, '2025-04-25 12:55:00', 59.99, 0.00614),
(2, 126.55, 0.46, 55.3, 0.95, '2025-04-25 12:55:00', 59.98, 0.00461),
(1, 126.69, 0.7, 75.38, 0.85, '2025-04-25 13:00:00', 60.01, 0.00628),
(2, 127.12, 0.52, 63.46, 0.96, '2025-04-25 13:00:00', 59.95, 0.00529),
(1, 127.37, 0.75, 83.11, 0.87, '2025-04-25 13:05:00', 60.04, 0.00693),
(2, 127.42, 0.48, 59.33, 0.97, '2025-04-25 13:05:00', 59.99, 0.00494),
(1, 127.22, 0.69, 74.61, 0.85, '2025-04-25 13:10:00', 60.05, 0.00622),
(2, 127.13, 0.53, 62.66, 0.93, '2025-04-25 13:10:00', 60.02, 0.00522),
(1, 126.69, 0.73, 80.46, 0.87, '2025-04-25 13:15:00', 60.05, 0.0067),
(2, 127.08, 0.49, 59.78, 0.96, '2025-04-25 13:15:00', 60.02, 0.00498),
(1, 126.81, 0.71, 77.43, 0.86, '2025-04-25 13:20:00', 60.01, 0.00645),
(2, 127.5, 0.52, 62.98, 0.95, '2025-04-25 13:20:00', 60.03, 0.00525),
(1, 126.98, 0.67, 74.02, 0.87, '2025-04-25 13:25:00', 60.01, 0.00617),
(2, 127.41, 0.53, 64.83, 0.96, '2025-04-25 13:25:00', 60.04, 0.0054),
(1, 127.28, 0.71, 74.1, 0.82, '2025-04-25 13:30:00', 59.97, 0.00617),
(2, 127.02, 0.55, 66.37, 0.95, '2025-04-25 13:30:00', 59.98, 0.00553),
(1, 126.67, 0.74, 79.68, 0.85, '2025-04-25 13:35:00', 59.97, 0.00664),
(2, 126.86, 0.49, 58.43, 0.94, '2025-04-25 13:35:00', 60.05, 0.00487),
(1, 126.52, 0.75, 80.66, 0.85, '2025-04-25 13:40:00', 59.99, 0.00672),
(2, 126.54, 0.47, 57.69, 0.97, '2025-04-25 13:40:00', 59.98, 0.00481),
(1, 126.87, 0.74, 79.8, 0.85, '2025-04-25 13:45:00', 59.98, 0.00665),
(2, 127.18, 0.55, 66.45, 0.95, '2025-04-25 13:45:00', 59.97, 0.00554),
(1, 127.08, 0.73, 80.71, 0.87, '2025-04-25 13:50:00', 60.01, 0.00673),
(2, 127.03, 0.53, 63.29, 0.94, '2025-04-25 13:50:00', 60.03, 0.00527),
(1, 126.9, 0.73, 77.82, 0.84, '2025-04-25 13:55:00', 59.98, 0.00648),
(2, 126.94, 0.52, 63.37, 0.96, '2025-04-25 13:55:00', 60.04, 0.00528),
(1, 127.17, 0.74, 80.93, 0.86, '2025-04-25 14:00:00', 60.05, 0.00674),
(2, 126.52, 0.49, 58.9, 0.95, '2025-04-25 14:00:00', 60.02, 0.00491),
(1, 127.43, 0.69, 72.1, 0.82, '2025-04-25 14:05:00', 60.0, 0.00601),
(2, 127.01, 0.48, 57.31, 0.94, '2025-04-25 14:05:00', 60.02, 0.00478),
(1, 127.42, 0.72, 79.82, 0.87, '2025-04-25 14:10:00', 59.99, 0.00665),
(2, 126.96, 0.45, 54.85, 0.96, '2025-04-25 14:10:00', 59.96, 0.00457),
(1, 126.77, 0.72, 78.5, 0.86, '2025-04-25 14:15:00', 59.96, 0.00654),
(2, 126.65, 0.52, 62.57, 0.95, '2025-04-25 14:15:00', 60.02, 0.00521),
(1, 126.57, 0.66, 69.34, 0.83, '2025-04-25 14:20:00', 59.98, 0.00578),
(2, 127.35, 0.54, 64.64, 0.94, '2025-04-25 14:20:00', 60.0, 0.00539),
(1, 127.13, 0.74, 78.08, 0.83, '2025-04-25 14:25:00', 60.02, 0.00651),
(2, 127.42, 0.52, 62.28, 0.94, '2025-04-25 14:25:00', 60.04, 0.00519),
(1, 127.41, 0.7, 76.7, 0.86, '2025-04-25 14:30:00', 59.99, 0.00639),
(2, 126.76, 0.55, 66.23, 0.95, '2025-04-25 14:30:00', 59.95, 0.00552),
(1, 126.97, 0.65, 69.33, 0.84, '2025-04-25 14:35:00', 60.04, 0.00578),
(2, 126.61, 0.48, 57.73, 0.95, '2025-04-25 14:35:00', 60.04, 0.00481),
(1, 126.53, 0.7, 76.17, 0.86, '2025-04-25 14:40:00', 59.97, 0.00635),
(2, 126.66, 0.52, 61.91, 0.94, '2025-04-25 14:40:00', 60.0, 0.00516),
(1, 126.6, 0.66, 69.35, 0.83, '2025-04-25 14:45:00', 60.05, 0.00578),
(2, 127.14, 0.48, 56.76, 0.93, '2025-04-25 14:45:00', 59.96, 0.00473),
(1, 127.46, 0.69, 73.88, 0.84, '2025-04-25 14:50:00', 60.0, 0.00616),
(2, 127.23, 0.47, 56.21, 0.94, '2025-04-25 14:50:00', 60.03, 0.00468),
(1, 127.48, 0.68, 73.68, 0.85, '2025-04-25 14:55:00', 60.04, 0.00614),
(2, 127.01, 0.5, 59.06, 0.93, '2025-04-25 14:55:00', 60.05, 0.00492),
(1, 126.78, 0.71, 73.81, 0.82, '2025-04-25 15:00:00', 60.03, 0.00615),
(2, 127.06, 0.47, 56.73, 0.95, '2025-04-25 15:00:00', 59.96, 0.00473),
(1, 127.33, 0.73, 79.01, 0.85, '2025-04-25 15:05:00', 59.99, 0.00658),
(2, 126.83, 0.53, 63.86, 0.95, '2025-04-25 15:05:00', 60.02, 0.00532),
(1, 127.03, 0.67, 72.34, 0.85, '2025-04-25 15:10:00', 60.05, 0.00603),
(2, 127.21, 0.46, 55.01, 0.94, '2025-04-25 15:10:00', 59.99, 0.00458),
(1, 126.98, 0.67, 70.61, 0.83, '2025-04-25 15:15:00', 59.98, 0.00588),
(2, 127.18, 0.54, 65.24, 0.95, '2025-04-25 15:15:00', 59.99, 0.00544),
(1, 126.76, 0.72, 75.75, 0.83, '2025-04-25 15:20:00', 59.98, 0.00631),
(2, 127.23, 0.47, 57.41, 0.96, '2025-04-25 15:20:00', 59.97, 0.00478),
(1, 126.93, 0.73, 77.83, 0.84, '2025-04-25 15:25:00', 59.98, 0.00649),
(2, 126.68, 0.51, 60.08, 0.93, '2025-04-25 15:25:00', 59.97, 0.00501),
(1, 126.58, 0.69, 72.49, 0.83, '2025-04-25 15:30:00', 60.01, 0.00604),
(2, 126.56, 0.46, 55.89, 0.96, '2025-04-25 15:30:00', 59.99, 0.00466),
(1, 126.78, 0.74, 77.87, 0.83, '2025-04-25 15:35:00', 60.05, 0.00649),
(2, 126.63, 0.49, 60.19, 0.97, '2025-04-25 15:35:00', 60.02, 0.00502),
(1, 127.32, 0.74, 80.08, 0.85, '2025-04-25 15:40:00', 60.01, 0.00667),
(2, 126.69, 0.5, 59.54, 0.94, '2025-04-25 15:40:00', 59.96, 0.00496),
(1, 126.9, 0.72, 78.58, 0.86, '2025-04-25 15:45:00', 60.02, 0.00655),
(2, 127.23, 0.47, 56.21, 0.94, '2025-04-25 15:45:00', 60.02, 0.00468),
(1, 127.07, 0.72, 78.68, 0.86, '2025-04-25 15:50:00', 59.97, 0.00656),
(2, 127.12, 0.47, 56.76, 0.95, '2025-04-25 15:50:00', 59.96, 0.00473),
(1, 127.45, 0.67, 71.73, 0.84, '2025-04-25 15:55:00', 60.01, 0.00598),
(2, 126.56, 0.49, 58.91, 0.95, '2025-04-25 15:55:00', 59.99, 0.00491),
(1, 127.15, 0.67, 69.86, 0.82, '2025-04-25 16:00:00', 60.02, 0.00582),
(2, 127.01, 0.48, 57.92, 0.95, '2025-04-25 16:00:00', 59.99, 0.00483),
(1, 126.67, 0.73, 80.45, 0.87, '2025-04-25 16:05:00', 59.96, 0.0067),
(2, 126.63, 0.54, 64.96, 0.95, '2025-04-25 16:05:00', 60.03, 0.00541),
(1, 126.6, 0.67, 73.8, 0.87, '2025-04-25 16:10:00', 59.96, 0.00615),
(2, 127.0, 0.51, 60.24, 0.93, '2025-04-25 16:10:00', 60.03, 0.00502),
(1, 127.43, 0.66, 72.33, 0.86, '2025-04-25 16:15:00', 60.01, 0.00603),
(2, 126.82, 0.54, 64.37, 0.94, '2025-04-25 16:15:00', 60.03, 0.00536),
(1, 126.76, 0.71, 75.6, 0.84, '2025-04-25 16:20:00', 60.04, 0.0063),
(2, 126.76, 0.5, 58.94, 0.93, '2025-04-25 16:20:00', 60.0, 0.00491),
(1, 127.24, 0.66, 70.54, 0.84, '2025-04-25 16:25:00', 60.01, 0.00588),
(2, 126.77, 0.47, 56.6, 0.95, '2025-04-25 16:25:00', 59.96, 0.00472),
(1, 127.45, 0.72, 78.0, 0.85, '2025-04-25 16:30:00', 60.03, 0.0065),
(2, 127.36, 0.55, 65.85, 0.94, '2025-04-25 16:30:00', 59.95, 0.00549),
(1, 126.53, 0.69, 74.21, 0.85, '2025-04-25 16:35:00', 60.04, 0.00618),
(2, 127.42, 0.5, 59.89, 0.94, '2025-04-25 16:35:00', 60.03, 0.00499),
(1, 126.58, 0.7, 74.43, 0.84, '2025-04-25 16:40:00', 60.02, 0.0062),
(2, 127.47, 0.51, 62.41, 0.96, '2025-04-25 16:40:00', 59.95, 0.0052),
(1, 126.97, 0.67, 71.46, 0.84, '2025-04-25 16:45:00', 60.0, 0.00595),
(2, 127.06, 0.47, 56.73, 0.95, '2025-04-25 16:45:00', 59.95, 0.00473),
(1, 126.74, 0.75, 79.85, 0.84, '2025-04-25 16:50:00', 60.02, 0.00665),
(2, 127.14, 0.49, 57.94, 0.93, '2025-04-25 16:50:00', 59.96, 0.00483),
(1, 126.58, 0.71, 77.29, 0.86, '2025-04-25 16:55:00', 60.05, 0.00644),
(2, 127.44, 0.45, 53.33, 0.93, '2025-04-25 16:55:00', 60.05, 0.00444),
(1, 126.89, 0.68, 73.34, 0.85, '2025-04-25 17:00:00', 59.97, 0.00611),
(2, 127.17, 0.51, 62.26, 0.96, '2025-04-25 17:00:00', 59.99, 0.00519),
(1, 127.15, 0.74, 79.98, 0.85, '2025-04-25 17:05:00', 60.01, 0.00666),
(2, 127.38, 0.54, 66.03, 0.96, '2025-04-25 17:05:00', 60.02, 0.0055),
(1, 127.48, 0.72, 78.94, 0.86, '2025-04-25 17:10:00', 60.02, 0.00658),
(2, 127.45, 0.52, 62.3, 0.94, '2025-04-25 17:10:00', 59.96, 0.00519),
(1, 127.44, 0.72, 76.16, 0.83, '2025-04-25 17:15:00', 59.99, 0.00635),
(2, 126.87, 0.53, 62.53, 0.93, '2025-04-25 17:15:00', 59.98, 0.00521),
(1, 126.64, 0.74, 77.78, 0.83, '2025-04-25 17:20:00', 59.95, 0.00648),
(2, 127.45, 0.53, 63.5, 0.94, '2025-04-25 17:20:00', 60.05, 0.00529),
(1, 127.0, 0.72, 79.55, 0.87, '2025-04-25 17:25:00', 59.98, 0.00663),
(2, 126.94, 0.49, 60.33, 0.97, '2025-04-25 17:25:00', 59.98, 0.00503),
(1, 127.03, 0.7, 77.36, 0.87, '2025-04-25 17:30:00', 59.99, 0.00645),
(2, 127.48, 0.49, 59.34, 0.95, '2025-04-25 17:30:00', 59.96, 0.00495),
(1, 126.72, 0.72, 75.73, 0.83, '2025-04-25 17:35:00', 60.01, 0.00631),
(2, 127.11, 0.5, 61.01, 0.96, '2025-04-25 17:35:00', 60.03, 0.00508),
(1, 127.44, 0.75, 82.2, 0.86, '2025-04-25 17:40:00', 59.96, 0.00685),
(2, 127.49, 0.48, 58.75, 0.96, '2025-04-25 17:40:00', 60.02, 0.0049),
(1, 127.36, 0.75, 83.1, 0.87, '2025-04-25 17:45:00', 59.98, 0.00692),
(2, 127.31, 0.49, 59.26, 0.95, '2025-04-25 17:45:00', 59.99, 0.00494),
(1, 126.54, 0.75, 78.77, 0.83, '2025-04-25 17:50:00', 60.01, 0.00656),
(2, 127.02, 0.53, 65.3, 0.97, '2025-04-25 17:50:00', 60.03, 0.00544),
(1, 126.99, 0.75, 78.1, 0.82, '2025-04-25 17:55:00', 60.01, 0.00651),
(2, 127.4, 0.5, 59.88, 0.94, '2025-04-25 17:55:00', 59.96, 0.00499),
(1, 126.76, 0.74, 79.73, 0.85, '2025-04-25 18:00:00', 60.02, 0.00664),
(2, 127.37, 0.47, 57.47, 0.96, '2025-04-25 18:00:00', 59.98, 0.00479),
(1, 126.66, 0.75, 80.75, 0.85, '2025-04-25 18:05:00', 60.01, 0.00673),
(2, 126.73, 0.53, 64.48, 0.96, '2025-04-25 18:05:00', 59.98, 0.00537),
(1, 127.35, 0.66, 71.44, 0.85, '2025-04-25 18:10:00', 60.03, 0.00595),
(2, 126.99, 0.52, 62.73, 0.95, '2025-04-25 18:10:00', 59.98, 0.00523),
(1, 127.37, 0.66, 72.3, 0.86, '2025-04-25 18:15:00', 59.96, 0.00602),
(2, 127.23, 0.46, 56.18, 0.96, '2025-04-25 18:15:00', 60.03, 0.00468),
(1, 127.29, 0.69, 76.41, 0.87, '2025-04-25 18:20:00', 60.03, 0.00637),
(2, 126.57, 0.47, 56.51, 0.95, '2025-04-25 18:20:00', 59.98, 0.00471),
(1, 126.81, 0.75, 82.74, 0.87, '2025-04-25 18:25:00', 59.98, 0.00689),
(2, 127.5, 0.46, 55.13, 0.94, '2025-04-25 18:25:00', 59.97, 0.00459),
(1, 126.68, 0.71, 78.25, 0.87, '2025-04-25 18:30:00', 59.97, 0.00652),
(2, 127.38, 0.53, 63.46, 0.94, '2025-04-25 18:30:00', 60.05, 0.00529),
(1, 127.3, 0.69, 75.54, 0.86, '2025-04-25 18:35:00', 59.97, 0.0063),
(2, 127.18, 0.52, 64.15, 0.97, '2025-04-25 18:35:00', 59.98, 0.00535),
(1, 127.13, 0.69, 73.68, 0.84, '2025-04-25 18:40:00', 60.01, 0.00614),
(2, 127.36, 0.47, 57.46, 0.96, '2025-04-25 18:40:00', 59.99, 0.00479),
(1, 127.46, 0.73, 77.23, 0.83, '2025-04-25 18:45:00', 59.97, 0.00644),
(2, 127.34, 0.49, 59.9, 0.96, '2025-04-25 18:45:00', 60.03, 0.00499),
(1, 126.8, 0.69, 76.12, 0.87, '2025-04-25 18:50:00', 60.0, 0.00634),
(2, 127.41, 0.47, 56.29, 0.94, '2025-04-25 18:50:00', 59.97, 0.00469),
(1, 127.35, 0.67, 72.53, 0.85, '2025-04-25 18:55:00', 59.99, 0.00604),
(2, 127.48, 0.55, 67.31, 0.96, '2025-04-25 18:55:00', 60.0, 0.00561),
(1, 126.61, 0.68, 71.46, 0.83, '2025-04-25 19:00:00', 59.96, 0.00595),
(2, 126.9, 0.53, 63.89, 0.95, '2025-04-25 19:00:00', 59.99, 0.00532),
(1, 126.62, 0.71, 77.31, 0.86, '2025-04-25 19:05:00', 60.04, 0.00644),
(2, 126.95, 0.51, 62.15, 0.96, '2025-04-25 19:05:00', 60.04, 0.00518),
(1, 126.77, 0.66, 71.12, 0.85, '2025-04-25 19:10:00', 59.98, 0.00593),
(2, 127.08, 0.55, 67.8, 0.97, '2025-04-25 19:10:00', 59.99, 0.00565),
(1, 126.99, 0.73, 79.72, 0.86, '2025-04-25 19:15:00', 60.01, 0.00664),
(2, 127.19, 0.53, 62.69, 0.93, '2025-04-25 19:15:00', 60.02, 0.00522),
(1, 126.57, 0.68, 72.3, 0.84, '2025-04-25 19:20:00', 59.99, 0.00602),
(2, 126.54, 0.53, 63.71, 0.95, '2025-04-25 19:20:00', 59.99, 0.00531),
(1, 126.93, 0.72, 74.94, 0.82, '2025-04-25 19:25:00', 60.01, 0.00624),
(2, 127.06, 0.52, 62.77, 0.95, '2025-04-25 19:25:00', 60.03, 0.00523),
(1, 127.06, 0.74, 80.86, 0.86, '2025-04-25 19:30:00', 59.95, 0.00674),
(2, 127.38, 0.47, 57.47, 0.96, '2025-04-25 19:30:00', 59.98, 0.00479),
(1, 127.02, 0.71, 75.75, 0.84, '2025-04-25 19:35:00', 59.97, 0.00631),
(2, 127.49, 0.47, 57.52, 0.96, '2025-04-25 19:35:00', 60.03, 0.00479),
(1, 127.46, 0.72, 79.84, 0.87, '2025-04-25 19:40:00', 59.97, 0.00665),
(2, 126.51, 0.55, 65.41, 0.94, '2025-04-25 19:40:00', 59.98, 0.00545),
(1, 126.86, 0.74, 77.92, 0.83, '2025-04-25 19:45:00', 60.05, 0.00649),
(2, 126.83, 0.48, 57.83, 0.95, '2025-04-25 19:45:00', 60.04, 0.00482),
(1, 126.89, 0.74, 77.94, 0.83, '2025-04-25 19:50:00', 60.0, 0.00649),
(2, 127.47, 0.47, 56.32, 0.94, '2025-04-25 19:50:00', 60.01, 0.00469),
(1, 126.53, 0.71, 76.36, 0.85, '2025-04-25 19:55:00', 60.03, 0.00636),
(2, 127.03, 0.52, 62.75, 0.95, '2025-04-25 19:55:00', 60.04, 0.00523),
(1, 127.17, 0.72, 78.74, 0.86, '2025-04-25 20:00:00', 59.97, 0.00656),
(2, 127.44, 0.49, 59.32, 0.95, '2025-04-25 20:00:00', 60.05, 0.00494),
(3, 126.51, 1.55, 152.95, 0.78, '2025-04-25 20:00:00', 59.99, 0.01275),
(1, 126.9, 0.66, 69.52, 0.83, '2025-04-25 20:05:00', 59.97, 0.00579),
(2, 127.04, 0.53, 63.29, 0.94, '2025-04-25 20:05:00', 60.03, 0.00527),
(3, 126.81, 1.48, 150.14, 0.8, '2025-04-25 20:05:00', 59.98, 0.01251),
(1, 127.44, 0.65, 69.58, 0.84, '2025-04-25 20:10:00', 60.04, 0.0058),
(2, 126.8, 0.48, 56.6, 0.93, '2025-04-25 20:10:00', 60.01, 0.00472),
(3, 127.24, 1.54, 158.72, 0.81, '2025-04-25 20:10:00', 60.02, 0.01323),
(1, 126.94, 0.7, 73.75, 0.83, '2025-04-25 20:15:00', 59.96, 0.00615),
(2, 126.83, 0.53, 65.2, 0.97, '2025-04-25 20:15:00', 60.03, 0.00543),
(3, 126.53, 1.46, 151.48, 0.82, '2025-04-25 20:15:00', 59.98, 0.01262),
(1, 126.67, 0.68, 74.94, 0.87, '2025-04-25 20:20:00', 59.98, 0.00624),
(2, 127.37, 0.47, 55.67, 0.93, '2025-04-25 20:20:00', 60.0, 0.00464),
(3, 126.76, 1.52, 150.29, 0.78, '2025-04-25 20:20:00', 60.01, 0.01252),
(1, 126.85, 0.68, 71.59, 0.83, '2025-04-25 20:25:00', 60.02, 0.00597),
(2, 127.23, 0.54, 65.27, 0.95, '2025-04-25 20:25:00', 60.01, 0.00544),
(3, 126.73, 1.47, 150.9, 0.81, '2025-04-25 20:25:00', 60.04, 0.01257),
(1, 126.87, 0.73, 77.8, 0.84, '2025-04-25 20:30:00', 60.02, 0.00648),
(2, 127.13, 0.48, 57.36, 0.94, '2025-04-25 20:30:00', 59.96, 0.00478),
(3, 126.98, 1.53, 153.48, 0.79, '2025-04-25 20:30:00', 59.98, 0.01279),
(1, 126.74, 0.66, 69.43, 0.83, '2025-04-25 20:35:00', 60.02, 0.00579),
(2, 127.06, 0.53, 63.97, 0.95, '2025-04-25 20:35:00', 60.04, 0.00533),
(3, 126.9, 1.49, 149.37, 0.79, '2025-04-25 20:35:00', 60.01, 0.01245),
(1, 126.71, 0.73, 76.77, 0.83, '2025-04-25 20:40:00', 60.03, 0.0064),
(2, 127.1, 0.53, 63.32, 0.94, '2025-04-25 20:40:00', 59.96, 0.00528),
(3, 126.74, 1.46, 144.33, 0.78, '2025-04-25 20:40:00', 60.02, 0.01203),
(1, 126.71, 0.7, 75.39, 0.85, '2025-04-25 20:45:00', 60.03, 0.00628),
(2, 126.73, 0.54, 64.33, 0.94, '2025-04-25 20:45:00', 59.96, 0.00536),
(3, 127.39, 1.53, 153.98, 0.79, '2025-04-25 20:45:00', 60.04, 0.01283),
(1, 126.77, 0.69, 74.35, 0.85, '2025-04-25 20:50:00', 60.03, 0.0062),
(2, 126.67, 0.55, 64.79, 0.93, '2025-04-25 20:50:00', 60.02, 0.0054),
(3, 126.57, 1.48, 151.73, 0.81, '2025-04-25 20:50:00', 60.04, 0.01264),
(1, 126.56, 0.72, 76.54, 0.84, '2025-04-25 20:55:00', 60.03, 0.00638),
(2, 127.12, 0.52, 63.46, 0.96, '2025-04-25 20:55:00', 60.0, 0.00529),
(3, 127.42, 1.49, 155.68, 0.82, '2025-04-25 20:55:00', 59.96, 0.01297),
(1, 127.23, 0.66, 72.22, 0.86, '2025-04-25 21:00:00', 60.02, 0.00602),
(2, 127.16, 0.45, 54.36, 0.95, '2025-04-25 21:00:00', 60.01, 0.00453),
(3, 126.52, 1.47, 148.79, 0.8, '2025-04-25 21:00:00', 60.04, 0.0124),
(1, 126.8, 0.68, 74.15, 0.86, '2025-04-25 21:05:00', 60.0, 0.00618),
(2, 127.35, 0.54, 65.33, 0.95, '2025-04-25 21:05:00', 59.99, 0.00544),
(3, 127.48, 1.5, 151.06, 0.79, '2025-04-25 21:05:00', 60.01, 0.01259),
(1, 127.41, 0.73, 78.13, 0.84, '2025-04-25 21:10:00', 59.97, 0.00651),
(2, 126.67, 0.54, 65.67, 0.96, '2025-04-25 21:10:00', 59.98, 0.00547),
(3, 126.95, 1.53, 155.39, 0.8, '2025-04-25 21:10:00', 60.05, 0.01295),
(1, 126.95, 0.65, 69.31, 0.84, '2025-04-25 21:15:00', 60.05, 0.00578),
(2, 127.03, 0.51, 62.19, 0.96, '2025-04-25 21:15:00', 60.02, 0.00518),
(3, 127.07, 1.53, 155.53, 0.8, '2025-04-25 21:15:00', 60.0, 0.01296),
(1, 126.75, 0.72, 76.66, 0.84, '2025-04-25 21:20:00', 60.0, 0.00639),
(2, 127.07, 0.49, 59.15, 0.95, '2025-04-25 21:20:00', 59.98, 0.00493),
(3, 127.11, 1.46, 152.18, 0.82, '2025-04-25 21:20:00', 60.02, 0.01268),
(1, 127.02, 0.69, 74.5, 0.85, '2025-04-25 21:25:00', 59.99, 0.00621),
(2, 126.67, 0.53, 64.45, 0.96, '2025-04-25 21:25:00', 59.98, 0.00537),
(3, 127.39, 1.51, 157.73, 0.82, '2025-04-25 21:25:00', 60.01, 0.01314),
(1, 127.27, 0.7, 73.94, 0.83, '2025-04-25 21:30:00', 59.97, 0.00616),
(2, 126.56, 0.53, 63.72, 0.95, '2025-04-25 21:30:00', 60.01, 0.00531),
(3, 126.92, 1.45, 147.23, 0.8, '2025-04-25 21:30:00', 60.01, 0.01227),
(1, 126.66, 0.69, 74.29, 0.85, '2025-04-25 21:35:00', 60.05, 0.00619),
(2, 126.68, 0.47, 56.56, 0.95, '2025-04-25 21:35:00', 59.99, 0.00471),
(3, 127.15, 1.47, 145.79, 0.78, '2025-04-25 21:35:00', 60.0, 0.01215),
(1, 127.36, 0.74, 78.22, 0.83, '2025-04-25 21:40:00', 60.0, 0.00652),
(2, 126.67, 0.53, 65.12, 0.97, '2025-04-25 21:40:00', 59.99, 0.00543),
(3, 126.63, 1.55, 155.06, 0.79, '2025-04-25 21:40:00', 60.03, 0.01292),
(1, 127.35, 0.69, 72.05, 0.82, '2025-04-25 21:45:00', 60.0, 0.006),
(2, 127.1, 0.55, 67.11, 0.96, '2025-04-25 21:45:00', 60.01, 0.00559),
(3, 127.32, 1.47, 151.6, 0.81, '2025-04-25 21:45:00', 60.01, 0.01263),
(1, 126.71, 0.7, 75.39, 0.85, '2025-04-25 21:50:00', 59.99, 0.00628),
(2, 126.62, 0.49, 59.56, 0.96, '2025-04-25 21:50:00', 59.96, 0.00496),
(3, 126.67, 1.53, 155.04, 0.8, '2025-04-25 21:50:00', 60.0, 0.01292),
(1, 126.61, 0.7, 76.22, 0.86, '2025-04-25 21:55:00', 60.02, 0.00635),
(2, 127.21, 0.46, 56.18, 0.96, '2025-04-25 21:55:00', 59.99, 0.00468),
(3, 127.15, 1.48, 152.43, 0.81, '2025-04-25 21:55:00', 60.0, 0.0127),
(1, 126.62, 0.72, 74.76, 0.82, '2025-04-25 22:00:00', 60.05, 0.00623),
(3, 127.4, 1.48, 150.84, 0.8, '2025-04-25 22:00:00', 59.96, 0.01257),
(1, 126.68, 0.73, 80.45, 0.87, '2025-04-25 22:05:00', 59.96, 0.0067),
(3, 127.27, 1.45, 147.63, 0.8, '2025-04-25 22:05:00', 60.01, 0.0123),
(1, 126.92, 0.69, 75.31, 0.86, '2025-04-25 22:10:00', 59.97, 0.00628),
(3, 126.73, 1.53, 155.12, 0.8, '2025-04-25 22:10:00', 60.04, 0.01293),
(1, 126.99, 0.67, 73.17, 0.86, '2025-04-25 22:15:00', 59.96, 0.0061),
(3, 126.63, 1.52, 152.06, 0.79, '2025-04-25 22:15:00', 59.97, 0.01267),
(1, 127.42, 0.73, 79.06, 0.85, '2025-04-25 22:20:00', 59.98, 0.00659),
(3, 126.84, 1.53, 157.19, 0.81, '2025-04-25 22:20:00', 59.96, 0.0131),
(1, 126.85, 0.67, 70.54, 0.83, '2025-04-25 22:25:00', 59.96, 0.00588),
(3, 127.44, 1.55, 160.0, 0.81, '2025-04-25 22:25:00', 60.04, 0.01333),
(1, 127.19, 0.71, 75.86, 0.84, '2025-04-25 22:30:00', 60.05, 0.00632),
(3, 126.52, 1.54, 151.98, 0.78, '2025-04-25 22:30:00', 60.0, 0.01266),
(1, 127.31, 0.72, 77.91, 0.85, '2025-04-25 22:35:00', 59.97, 0.00649),
(3, 127.18, 1.47, 145.82, 0.78, '2025-04-25 22:35:00', 59.98, 0.01215),
(1, 127.43, 0.69, 72.98, 0.83, '2025-04-25 22:40:00', 59.96, 0.00608),
(3, 126.91, 1.48, 150.26, 0.8, '2025-04-25 22:40:00', 60.01, 0.01252),
(1, 126.89, 0.65, 70.93, 0.86, '2025-04-25 22:45:00', 60.03, 0.00591),
(3, 127.42, 1.5, 152.9, 0.8, '2025-04-25 22:45:00', 60.03, 0.01274),
(1, 127.47, 0.72, 75.26, 0.82, '2025-04-25 22:50:00', 59.96, 0.00627),
(3, 127.45, 1.54, 155.06, 0.79, '2025-04-25 22:50:00', 60.03, 0.01292),
(1, 126.5, 0.73, 79.42, 0.86, '2025-04-25 22:55:00', 60.03, 0.00662),
(3, 127.36, 1.49, 149.92, 0.79, '2025-04-25 22:55:00', 60.01, 0.01249),
(1, 126.51, 0.67, 69.5, 0.82, '2025-04-25 23:00:00', 59.98, 0.00579),
(3, 127.2, 1.46, 150.43, 0.81, '2025-04-25 23:00:00', 59.98, 0.01254),
(1, 127.31, 0.67, 69.94, 0.82, '2025-04-25 23:05:00', 59.97, 0.00583),
(3, 127.33, 1.48, 148.87, 0.79, '2025-04-25 23:05:00', 59.96, 0.01241),
(1, 126.54, 0.73, 80.37, 0.87, '2025-04-25 23:10:00', 60.03, 0.0067),
(3, 127.47, 1.51, 152.06, 0.79, '2025-04-25 23:10:00', 60.01, 0.01267),
(1, 127.22, 0.66, 69.69, 0.83, '2025-04-25 23:15:00', 60.01, 0.00581),
(3, 127.29, 1.46, 146.82, 0.79, '2025-04-25 23:15:00', 59.98, 0.01223),
(1, 127.49, 0.73, 80.04, 0.86, '2025-04-25 23:20:00', 60.04, 0.00667),
(3, 127.01, 1.49, 149.5, 0.79, '2025-04-25 23:20:00', 59.95, 0.01246),
(1, 126.77, 0.65, 68.39, 0.83, '2025-04-25 23:25:00', 59.99, 0.0057),
(3, 127.42, 1.49, 155.68, 0.82, '2025-04-25 23:25:00', 59.98, 0.01297),
(1, 126.71, 0.68, 74.96, 0.87, '2025-04-25 23:30:00', 59.96, 0.00625),
(3, 126.72, 1.47, 150.89, 0.81, '2025-04-25 23:30:00', 60.01, 0.01257),
(1, 126.76, 0.69, 72.6, 0.83, '2025-04-25 23:35:00', 59.97, 0.00605),
(3, 127.45, 1.52, 154.98, 0.8, '2025-04-25 23:35:00', 59.99, 0.01291),
(1, 126.77, 0.68, 74.14, 0.86, '2025-04-25 23:40:00', 59.97, 0.00618),
(3, 127.43, 1.54, 158.96, 0.81, '2025-04-25 23:40:00', 59.96, 0.01325),
(1, 127.17, 0.67, 70.72, 0.83, '2025-04-25 23:45:00', 59.98, 0.00589),
(3, 126.58, 1.46, 146.0, 0.79, '2025-04-25 23:45:00', 59.99, 0.01217),
(1, 126.61, 0.68, 74.04, 0.86, '2025-04-25 23:50:00', 60.04, 0.00617),
(3, 126.81, 1.47, 152.86, 0.82, '2025-04-25 23:50:00', 60.0, 0.01274),
(1, 127.33, 0.73, 78.08, 0.84, '2025-04-25 23:55:00', 60.01, 0.00651),
(3, 126.58, 1.5, 153.79, 0.81, '2025-04-25 23:55:00', 59.98, 0.01282);