-- MySQL dump 10.13  Distrib 8.0.36, for Win64 (x86_64)
--
-- Host: switchback.proxy.rlwy.net    Database: powertrack
-- ------------------------------------------------------
-- Server version	9.3.0

/*!40101 SET @OLD_CHARACTER_SET_CLIENT=@@CHARACTER_SET_CLIENT */;
/*!40101 SET @OLD_CHARACTER_SET_RESULTS=@@CHARACTER_SET_RESULTS */;
/*!40101 SET @OLD_COLLATION_CONNECTION=@@COLLATION_CONNECTION */;
/*!50503 SET NAMES utf8 */;
/*!40103 SET @OLD_TIME_ZONE=@@TIME_ZONE */;
/*!40103 SET TIME_ZONE='+00:00' */;
/*!40014 SET @OLD_UNIQUE_CHECKS=@@UNIQUE_CHECKS, UNIQUE_CHECKS=0 */;
/*!40014 SET @OLD_FOREIGN_KEY_CHECKS=@@FOREIGN_KEY_CHECKS, FOREIGN_KEY_CHECKS=0 */;
/*!40101 SET @OLD_SQL_MODE=@@SQL_MODE, SQL_MODE='NO_AUTO_VALUE_ON_ZERO' */;
/*!40111 SET @OLD_SQL_NOTES=@@SQL_NOTES, SQL_NOTES=0 */;

--
-- Table structure for table `alertas`
--

DROP TABLE IF EXISTS `alertas`;
/*!40101 SET @saved_cs_client     = @@character_set_client */;
/*!50503 SET character_set_client = utf8mb4 */;
CREATE TABLE `alertas` (
  `id` int NOT NULL AUTO_INCREMENT,
  `usuario_id` int NOT NULL,
  `mensaje` varchar(255) COLLATE utf8mb4_general_ci NOT NULL,
  `nivel` enum('Bajo','Medio','Alto') COLLATE utf8mb4_general_ci NOT NULL,
  `fecha` timestamp NOT NULL DEFAULT CURRENT_TIMESTAMP,
  PRIMARY KEY (`id`),
  KEY `usuario_id` (`usuario_id`),
  CONSTRAINT `alertas_ibfk_1` FOREIGN KEY (`usuario_id`) REFERENCES `usuarios` (`id`) ON DELETE CASCADE
) ENGINE=InnoDB AUTO_INCREMENT=6 DEFAULT CHARSET=utf8mb4 COLLATE=utf8mb4_general_ci;
/*!40101 SET character_set_client = @saved_cs_client */;

--
-- Dumping data for table `alertas`
--

LOCK TABLES `alertas` WRITE;
/*!40000 ALTER TABLE `alertas` DISABLE KEYS */;
INSERT INTO `alertas` VALUES (2,2,'El dispositivo 2 tiene un aumento de consumo','Medio','2025-03-18 22:32:34'),(3,3,'El dispositivo 3 tiene un fallo de corriente','Alto','2025-03-18 22:32:34'),(4,4,'El dispositivo 4 está en modo ahorro','Bajo','2025-03-18 22:32:34'),(5,5,'El dispositivo 5 se encuentra en mantenimiento','Medio','2025-03-18 22:32:34');
/*!40000 ALTER TABLE `alertas` ENABLE KEYS */;
UNLOCK TABLES;

--
-- Table structure for table `configuracion_ahorro`
--

DROP TABLE IF EXISTS `configuracion_ahorro`;
/*!40101 SET @saved_cs_client     = @@character_set_client */;
/*!50503 SET character_set_client = utf8mb4 */;
CREATE TABLE `configuracion_ahorro` (
  `id` int NOT NULL AUTO_INCREMENT,
  `usuario_id` int NOT NULL,
  `limite_consumo` decimal(6,2) NOT NULL,
  `modo_ahorro` enum('Bajo','Medio','Alto') COLLATE utf8mb4_general_ci NOT NULL,
  PRIMARY KEY (`id`),
  KEY `usuario_id` (`usuario_id`),
  CONSTRAINT `configuracion_ahorro_ibfk_1` FOREIGN KEY (`usuario_id`) REFERENCES `usuarios` (`id`) ON DELETE CASCADE
) ENGINE=InnoDB AUTO_INCREMENT=6 DEFAULT CHARSET=utf8mb4 COLLATE=utf8mb4_general_ci;
/*!40101 SET character_set_client = @saved_cs_client */;

--
-- Dumping data for table `configuracion_ahorro`
--

LOCK TABLES `configuracion_ahorro` WRITE;
/*!40000 ALTER TABLE `configuracion_ahorro` DISABLE KEYS */;
INSERT INTO `configuracion_ahorro` VALUES (2,2,400.00,'Medio'),(3,3,350.00,'Bajo'),(4,4,450.00,'Alto'),(5,5,300.00,'Medio');
/*!40000 ALTER TABLE `configuracion_ahorro` ENABLE KEYS */;
UNLOCK TABLES;

--
-- Table structure for table `dispositivos`
--

DROP TABLE IF EXISTS `dispositivos`;
/*!40101 SET @saved_cs_client     = @@character_set_client */;
/*!50503 SET character_set_client = utf8mb4 */;
CREATE TABLE `dispositivos` (
  `id` int NOT NULL AUTO_INCREMENT,
  `nombre` varchar(100) COLLATE utf8mb4_general_ci NOT NULL,
  `ubicacion` varchar(100) COLLATE utf8mb4_general_ci DEFAULT NULL,
  `usuario_id` int NOT NULL,
  `id_grupo` int DEFAULT NULL,
  `id_sensor` int DEFAULT NULL,
  `id_tipo_dispositivo` int DEFAULT NULL,
  PRIMARY KEY (`id`),
  KEY `usuario_id` (`usuario_id`),
  KEY `id_grupo` (`id_grupo`),
  CONSTRAINT `dispositivos_ibfk_1` FOREIGN KEY (`usuario_id`) REFERENCES `usuarios` (`id`) ON DELETE CASCADE,
  CONSTRAINT `dispositivos_ibfk_2` FOREIGN KEY (`id_grupo`) REFERENCES `grupos` (`id`) ON DELETE SET NULL
) ENGINE=InnoDB AUTO_INCREMENT=48 DEFAULT CHARSET=utf8mb4 COLLATE=utf8mb4_general_ci;
/*!40101 SET character_set_client = @saved_cs_client */;

--
-- Dumping data for table `dispositivos`
--

LOCK TABLES `dispositivos` WRITE;
/*!40000 ALTER TABLE `dispositivos` DISABLE KEYS */;
INSERT INTO `dispositivos` VALUES (2,'Dispositivo 2','Oficina A',2,1,NULL,NULL),(3,'Dispositivo 3','Oficina B',3,2,NULL,NULL),(4,'Dispositivo 4','Sala de reuniones',4,3,NULL,NULL),(5,'Dispositivo 5','Lobby',5,4,NULL,NULL),(23,'Pc editado','salon f103',1,24,NULL,NULL),(24,'Editado Desde grupo','Mi cuarto',1,NULL,NULL,NULL),(25,'Albertoda','salon f103',1,NULL,NULL,NULL),(26,'Editado desde dispositivos sin grupos','sala',1,NULL,1,NULL),(27,'31 03 2025','salon f103',1,NULL,NULL,NULL),(28,'06 04 2025','122',1,NULL,3,NULL),(29,'Albertoda2','f101',1,39,3,NULL),(30,'Albertoda3','f101',1,39,2,NULL),(32,'Hola Editado','f101',10,42,NULL,12),(33,'Albertoda','salon f103',10,42,1,4),(34,'14 04','Mi Sala',10,44,1,11),(38,'Albertoda2','salon f103',10,NULL,1,14),(42,'12','Mi cuarto',13,NULL,1,11),(43,'Módem ','Sala',14,NULL,4,NULL),(47,'OTRO','F103',19,47,4,11);
/*!40000 ALTER TABLE `dispositivos` ENABLE KEYS */;
UNLOCK TABLES;

--
-- Table structure for table `dispositivos_agrupados`
--

DROP TABLE IF EXISTS `dispositivos_agrupados`;
/*!40101 SET @saved_cs_client     = @@character_set_client */;
/*!50503 SET character_set_client = utf8mb4 */;
CREATE TABLE `dispositivos_agrupados` (
  `id` int NOT NULL AUTO_INCREMENT,
  `grupo_id` int NOT NULL,
  `dispositivo_id` int NOT NULL,
  PRIMARY KEY (`id`),
  KEY `grupo_id` (`grupo_id`),
  KEY `dispositivo_id` (`dispositivo_id`),
  CONSTRAINT `dispositivos_agrupados_ibfk_1` FOREIGN KEY (`grupo_id`) REFERENCES `grupos` (`id`) ON DELETE CASCADE,
  CONSTRAINT `dispositivos_agrupados_ibfk_2` FOREIGN KEY (`dispositivo_id`) REFERENCES `dispositivos` (`id`) ON DELETE CASCADE
) ENGINE=InnoDB AUTO_INCREMENT=78 DEFAULT CHARSET=utf8mb4 COLLATE=utf8mb4_general_ci;
/*!40101 SET character_set_client = @saved_cs_client */;

--
-- Dumping data for table `dispositivos_agrupados`
--

LOCK TABLES `dispositivos_agrupados` WRITE;
/*!40000 ALTER TABLE `dispositivos_agrupados` DISABLE KEYS */;
INSERT INTO `dispositivos_agrupados` VALUES (2,1,2),(3,2,3),(4,3,4),(5,4,5),(25,24,23),(44,39,30),(45,39,29),(63,42,32),(71,42,33),(73,44,34),(77,47,47);
/*!40000 ALTER TABLE `dispositivos_agrupados` ENABLE KEYS */;
UNLOCK TABLES;

--
-- Table structure for table `grupos`
--

DROP TABLE IF EXISTS `grupos`;
/*!40101 SET @saved_cs_client     = @@character_set_client */;
/*!50503 SET character_set_client = utf8mb4 */;
CREATE TABLE `grupos` (
  `id` int NOT NULL AUTO_INCREMENT,
  `usuario_id` int NOT NULL,
  `nombre` varchar(100) COLLATE utf8mb4_general_ci NOT NULL,
  PRIMARY KEY (`id`),
  KEY `fk_grupos_usuario` (`usuario_id`),
  CONSTRAINT `fk_grupos_usuario` FOREIGN KEY (`usuario_id`) REFERENCES `usuarios` (`id`) ON DELETE CASCADE
) ENGINE=InnoDB AUTO_INCREMENT=48 DEFAULT CHARSET=utf8mb4 COLLATE=utf8mb4_general_ci;
/*!40101 SET character_set_client = @saved_cs_client */;

--
-- Dumping data for table `grupos`
--

LOCK TABLES `grupos` WRITE;
/*!40000 ALTER TABLE `grupos` DISABLE KEYS */;
INSERT INTO `grupos` VALUES (1,1,'Oficina A'),(2,1,'Oficina B'),(3,1,'Sala de reuniones'),(4,1,'Lobby'),(5,1,'Auditorio'),(24,1,'Cuarto de prueba'),(39,1,'Albertodas'),(40,1,'Hola'),(42,10,'Salada'),(44,10,'Cuarto de prueba'),(45,13,'Hola3'),(46,13,'Hola2'),(47,19,'mI CUARTO');
/*!40000 ALTER TABLE `grupos` ENABLE KEYS */;
UNLOCK TABLES;

--
-- Table structure for table `mediciones`
--

DROP TABLE IF EXISTS `mediciones`;
/*!40101 SET @saved_cs_client     = @@character_set_client */;
/*!50503 SET character_set_client = utf8mb4 */;
CREATE TABLE `mediciones` (
  `id` int NOT NULL AUTO_INCREMENT,
  `sensor_id` int NOT NULL,
  `voltaje` decimal(5,2) DEFAULT NULL,
  `corriente` decimal(5,2) DEFAULT NULL,
  `potencia` decimal(6,2) DEFAULT NULL,
  `factor_potencia` decimal(4,2) DEFAULT NULL,
  `fecha_hora` timestamp NOT NULL DEFAULT CURRENT_TIMESTAMP,
  `energia` double DEFAULT NULL,
  `frecuencia` double DEFAULT NULL,
  PRIMARY KEY (`id`),
  KEY `sensor_id` (`sensor_id`),
  CONSTRAINT `mediciones_ibfk_1` FOREIGN KEY (`sensor_id`) REFERENCES `sensores` (`id`) ON DELETE CASCADE
) ENGINE=InnoDB AUTO_INCREMENT=870 DEFAULT CHARSET=utf8mb4 COLLATE=utf8mb4_general_ci;
/*!40101 SET character_set_client = @saved_cs_client */;

--
-- Dumping data for table `mediciones`
--

LOCK TABLES `mediciones` WRITE;
/*!40000 ALTER TABLE `mediciones` DISABLE KEYS */;
INSERT INTO `mediciones` VALUES (1,2,220.76,5.55,1200.12,0.95,'2025-03-18 10:17:18',5.6,59.45),(2,2,220.80,5.60,1250.10,0.97,'2025-03-18 16:32:18',5.678,60),(3,2,221.00,5.50,1300.50,0.99,'2025-03-17 22:37:18',5.711,60.1),(4,2,219.50,5.30,1150.70,0.96,'2025-03-18 04:42:18',5.68,60.2),(5,2,220.70,5.20,1100.20,0.95,'2025-03-18 04:47:18',5.71,61),(6,2,220.67,5.58,1230.39,0.96,'2025-03-15 00:00:00',5.71,60.29),(7,2,219.78,5.46,1185.20,1.01,'2025-03-15 00:05:00',5.77,60.01),(8,2,220.42,5.56,1162.16,0.99,'2025-03-15 00:10:00',5.546,60.14),(9,2,220.35,5.14,1184.12,1.00,'2025-03-15 00:15:00',5.596,60.13),(10,2,220.62,5.49,1160.29,0.97,'2025-03-15 00:20:00',5.727,59.98),(11,2,219.77,5.25,1221.24,0.98,'2025-03-15 00:25:00',5.715,59.84),(12,2,220.30,5.44,1104.96,0.96,'2025-03-15 00:30:00',5.659,60.3),(13,2,221.14,5.80,1143.62,0.96,'2025-03-15 00:35:00',5.736,59.79),(14,2,220.36,5.64,1189.04,0.99,'2025-03-15 00:40:00',5.663,59.86),(15,2,220.40,6.16,1252.44,0.98,'2025-03-15 00:45:00',5.628,60.19),(16,2,220.61,5.49,1145.02,0.96,'2025-03-15 00:50:00',5.711,59.98),(17,2,221.46,5.21,1202.79,0.96,'2025-03-15 00:55:00',5.568,59.92),(18,2,220.85,5.36,1152.80,0.96,'2025-03-15 01:00:00',5.758,60.1),(19,2,221.45,5.29,1238.42,0.97,'2025-03-15 01:05:00',5.633,59.81),(20,2,220.37,5.54,1181.30,0.99,'2025-03-15 01:10:00',5.678,60.23),(21,2,220.61,5.17,1249.57,0.98,'2025-03-15 01:15:00',5.579,60.14),(22,2,220.48,5.43,1155.21,0.98,'2025-03-15 01:20:00',5.729,60.14),(23,2,220.77,5.06,1164.31,0.99,'2025-03-15 01:25:00',5.69,59.85),(24,2,219.77,5.14,1166.36,0.93,'2025-03-15 01:30:00',5.681,59.83),(25,2,221.07,5.56,1195.81,0.97,'2025-03-15 01:35:00',5.69,60.06),(26,2,219.98,5.30,1178.26,0.98,'2025-03-15 01:40:00',5.573,59.98),(27,2,219.66,5.67,1242.13,0.98,'2025-03-15 01:45:00',5.738,59.8),(28,2,220.43,5.64,1119.74,0.94,'2025-03-15 01:50:00',5.662,59.79),(29,2,220.63,5.34,1181.56,0.95,'2025-03-15 01:55:00',5.736,60.14),(30,2,219.80,5.72,1132.06,0.94,'2025-03-15 02:00:00',5.696,59.8),(31,2,220.64,5.31,1114.38,1.00,'2025-03-15 02:05:00',5.669,59.93),(32,2,220.89,5.23,1233.63,0.98,'2025-03-15 02:10:00',5.65,59.74),(33,2,220.83,5.45,1102.87,0.94,'2025-03-15 02:15:00',5.761,60.21),(34,2,221.17,5.60,1300.04,0.96,'2025-03-15 02:20:00',5.723,59.78),(35,2,221.68,5.23,1297.07,0.95,'2025-03-15 02:25:00',5.663,59.67),(36,2,220.55,5.58,1272.04,0.95,'2025-03-15 02:30:00',5.66,59.85),(37,2,220.46,5.30,1249.56,0.95,'2025-03-15 02:35:00',5.57,59.8),(38,2,220.52,5.58,1154.36,0.96,'2025-03-15 02:40:00',5.635,60.25),(39,2,220.31,5.31,1194.16,0.97,'2025-03-15 02:45:00',5.599,60.09),(40,2,219.95,5.40,1218.00,0.95,'2025-03-15 02:50:00',5.684,60.03),(41,2,220.75,5.38,1219.15,0.99,'2025-03-15 02:55:00',5.712,60.21),(42,2,220.27,5.70,1092.89,0.99,'2025-03-15 03:00:00',5.629,59.91),(43,2,219.56,5.61,1186.98,0.99,'2025-03-15 03:05:00',5.68,60.18),(44,2,220.72,5.53,1202.46,0.95,'2025-03-15 03:10:00',5.659,60.11),(45,2,220.96,5.61,1155.81,1.00,'2025-03-15 03:15:00',5.657,60.09),(46,2,220.89,5.53,1271.42,0.95,'2025-03-15 03:20:00',5.773,59.86),(47,2,220.80,5.37,1162.29,0.94,'2025-03-15 03:25:00',5.685,59.92),(48,2,220.69,5.24,1135.04,1.03,'2025-03-15 03:30:00',5.727,60),(49,2,220.20,5.32,1202.07,0.95,'2025-03-15 03:35:00',5.749,59.58),(50,2,220.71,5.43,1242.06,0.98,'2025-03-15 03:40:00',5.709,60.15),(51,2,220.22,5.56,1192.83,0.95,'2025-03-15 03:45:00',5.693,60.19),(52,2,219.82,5.45,1232.38,0.96,'2025-03-15 03:50:00',5.761,60.11),(53,2,220.50,5.60,1182.37,0.99,'2025-03-15 03:55:00',5.653,59.8),(54,2,221.07,5.48,1195.52,0.97,'2025-03-15 04:00:00',5.754,59.94),(55,2,220.14,5.30,1172.66,1.01,'2025-03-15 04:05:00',5.737,59.46),(56,2,221.29,5.36,1210.55,0.97,'2025-03-15 04:10:00',5.635,59.63),(57,2,221.01,5.47,1080.12,0.97,'2025-03-15 04:15:00',5.616,59.82),(58,2,220.10,5.42,1093.74,0.99,'2025-03-15 04:20:00',5.75,59.96),(59,2,220.49,5.34,1171.88,0.96,'2025-03-15 04:25:00',5.724,60.01),(60,2,220.29,5.18,1201.05,0.98,'2025-03-15 04:30:00',5.759,60.01),(61,2,220.51,5.36,1240.50,0.95,'2025-03-15 04:35:00',5.691,59.93),(62,2,219.93,5.68,1220.39,0.96,'2025-03-15 04:40:00',5.743,60.14),(63,2,219.82,5.42,1236.41,1.01,'2025-03-15 04:45:00',5.784,60.25),(64,2,220.96,5.82,1197.51,0.99,'2025-03-15 04:50:00',5.667,60.15),(65,2,220.94,5.28,1226.95,0.96,'2025-03-15 04:55:00',5.573,60.17),(66,2,219.83,5.47,1152.69,0.99,'2025-03-15 05:00:00',5.64,59.64),(67,2,221.05,5.20,1247.28,0.96,'2025-03-15 05:05:00',5.701,59.85),(68,2,220.18,5.40,1209.65,0.98,'2025-03-15 05:10:00',5.667,60.08),(69,2,220.49,5.40,1249.41,0.94,'2025-03-15 05:15:00',5.704,60.22),(70,2,220.21,5.51,1233.49,0.98,'2025-03-15 05:20:00',5.639,60.23),(71,2,220.54,5.43,1212.85,0.97,'2025-03-15 05:25:00',5.732,60.11),(72,2,220.70,5.30,1131.01,0.98,'2025-03-15 05:30:00',5.601,59.7),(73,2,220.67,5.49,1210.07,1.00,'2025-03-15 05:35:00',5.786,60.28),(74,2,219.80,5.53,1251.68,0.93,'2025-03-15 05:40:00',5.709,59.88),(75,2,220.70,4.99,1207.53,0.98,'2025-03-15 05:45:00',5.732,60.01),(76,2,220.91,5.41,1269.64,0.95,'2025-03-15 05:50:00',5.739,59.87),(77,2,220.80,5.56,1195.50,0.98,'2025-03-15 05:55:00',5.689,59.9),(78,2,220.87,5.33,1161.42,1.01,'2025-03-15 06:00:00',5.685,59.71),(79,2,220.59,5.48,1158.11,0.97,'2025-03-15 06:05:00',5.681,59.97),(80,2,219.77,5.45,1255.80,0.95,'2025-03-15 06:10:00',5.691,59.86),(81,2,220.12,5.54,1168.05,1.00,'2025-03-15 06:15:00',5.745,60),(82,2,220.40,5.44,1143.16,0.95,'2025-03-15 06:20:00',5.796,59.87),(83,2,220.07,5.44,1219.59,0.95,'2025-03-15 06:25:00',5.64,59.95),(84,2,220.39,5.45,1118.66,0.97,'2025-03-15 06:30:00',5.747,60.07),(85,2,219.62,5.46,1156.64,0.99,'2025-03-15 06:35:00',5.641,59.95),(86,2,220.52,5.46,1263.52,0.98,'2025-03-15 06:40:00',5.723,59.65),(87,2,220.49,5.55,1181.72,0.95,'2025-03-15 06:45:00',5.787,60.02),(88,2,220.01,5.44,1220.08,0.97,'2025-03-15 06:50:00',5.687,59.72),(89,2,220.22,5.55,1263.09,0.97,'2025-03-15 06:55:00',5.721,59.98),(90,2,221.33,5.36,1247.58,0.97,'2025-03-15 07:00:00',5.771,59.64),(91,2,220.15,5.52,1240.43,0.97,'2025-03-15 07:05:00',5.642,60.18),(92,2,220.18,5.64,1326.48,1.00,'2025-03-15 07:10:00',5.68,60.17),(93,2,219.95,5.27,1131.26,0.99,'2025-03-15 07:15:00',5.882,59.95),(94,2,220.76,5.39,1231.99,0.98,'2025-03-15 07:20:00',5.741,60.19),(95,2,220.40,5.68,1152.89,0.98,'2025-03-15 07:25:00',5.779,59.85),(96,2,220.79,5.60,1167.80,0.94,'2025-03-15 07:30:00',5.704,59.67),(97,2,220.92,5.02,1209.83,0.95,'2025-03-15 07:35:00',5.739,59.7),(98,2,220.56,5.12,1149.88,0.95,'2025-03-15 07:40:00',5.681,59.7),(99,2,220.22,5.54,1199.31,1.00,'2025-03-15 07:45:00',5.765,59.81),(100,2,220.01,5.31,1262.98,0.93,'2025-03-15 07:50:00',5.69,59.77),(101,2,221.29,5.37,1179.09,0.97,'2025-03-15 07:55:00',5.677,60.35),(102,2,220.72,5.05,1136.73,0.99,'2025-03-15 08:00:00',5.666,60.02),(103,2,220.22,5.36,1190.36,0.99,'2025-03-15 08:05:00',5.696,59.99),(104,2,220.53,5.54,1163.40,0.97,'2025-03-15 08:10:00',5.687,59.86),(105,2,220.88,5.23,1351.19,0.94,'2025-03-15 08:15:00',5.811,60.18),(106,2,220.38,5.34,1249.79,1.00,'2025-03-15 08:20:00',5.734,60.3),(107,2,220.57,5.51,1255.10,0.97,'2025-03-15 08:25:00',5.732,60.4),(108,2,220.94,5.30,1134.39,0.95,'2025-03-15 08:30:00',5.676,60.13),(109,2,220.59,5.16,1235.34,0.95,'2025-03-15 08:35:00',5.855,59.95),(110,2,219.87,5.64,1132.89,0.95,'2025-03-15 08:40:00',5.685,59.99),(111,2,220.40,5.29,1105.60,0.96,'2025-03-15 08:45:00',5.707,59.91),(112,2,220.41,5.33,1255.96,0.96,'2025-03-15 08:50:00',5.725,59.94),(113,2,220.48,5.46,1140.06,1.00,'2025-03-15 08:55:00',5.708,59.8),(114,2,220.68,5.17,1251.27,0.97,'2025-03-15 09:00:00',5.705,60.01),(115,2,220.30,5.49,1218.15,1.01,'2025-03-15 09:05:00',5.646,60.08),(116,2,221.55,5.60,1163.95,0.97,'2025-03-15 09:10:00',5.748,60.11),(117,2,220.30,5.24,1283.11,0.95,'2025-03-15 09:15:00',5.655,59.97),(118,2,220.29,5.14,1205.51,0.92,'2025-03-15 09:20:00',5.708,59.88),(119,2,219.96,5.63,1220.79,0.97,'2025-03-15 09:25:00',5.737,60.17),(120,2,220.64,5.19,1238.14,0.96,'2025-03-15 09:30:00',5.741,59.92),(121,2,220.57,5.34,1156.71,0.98,'2025-03-15 09:35:00',5.69,59.95),(122,2,219.87,5.31,1149.59,1.01,'2025-03-15 09:40:00',5.646,60.07),(123,2,221.14,5.58,1118.29,0.95,'2025-03-15 09:45:00',5.764,59.91),(124,2,220.70,5.43,1107.12,1.00,'2025-03-15 09:50:00',5.613,60.12),(125,2,221.41,5.63,1183.82,0.99,'2025-03-15 09:55:00',5.709,60.31),(126,2,221.37,5.33,1207.48,0.98,'2025-03-15 10:00:00',5.681,59.94),(127,2,220.76,5.13,1217.42,0.97,'2025-03-15 10:05:00',5.717,60.01),(128,2,221.23,4.92,1163.48,0.98,'2025-03-15 10:10:00',5.658,60.2),(129,2,221.00,5.47,1247.77,0.98,'2025-03-15 10:15:00',5.645,59.61),(130,2,220.73,5.31,1259.93,0.96,'2025-03-15 10:20:00',5.774,59.97),(131,2,220.77,5.43,1244.51,0.95,'2025-03-15 10:25:00',5.697,59.86),(132,2,220.21,5.51,1150.23,0.95,'2025-03-15 10:30:00',5.74,60.21),(133,2,220.66,5.57,1230.76,0.98,'2025-03-15 10:35:00',5.688,59.93),(134,2,220.39,5.42,1224.04,0.98,'2025-03-15 10:40:00',5.628,59.94),(135,2,221.10,5.02,1158.07,0.97,'2025-03-15 10:45:00',5.728,60.22),(136,2,220.03,5.77,1226.87,0.96,'2025-03-15 10:50:00',5.709,59.79),(137,2,220.31,5.63,1166.12,0.98,'2025-03-15 10:55:00',5.621,60.11),(138,2,220.46,5.72,1221.43,0.99,'2025-03-15 11:00:00',5.748,59.97),(139,2,220.46,5.47,1179.81,0.95,'2025-03-15 11:05:00',5.621,59.95),(140,2,220.32,5.30,1126.23,0.96,'2025-03-15 11:10:00',5.755,59.97),(141,2,220.86,5.09,1193.17,0.98,'2025-03-15 11:15:00',5.721,60.06),(142,2,219.80,5.66,1238.91,1.01,'2025-03-15 11:20:00',5.706,60.22),(143,2,220.59,5.23,1078.50,0.96,'2025-03-15 11:25:00',5.769,60.32),(144,2,220.01,5.34,1187.45,0.98,'2025-03-15 11:30:00',5.72,60.02),(145,2,219.91,5.65,1135.81,1.01,'2025-03-15 11:35:00',5.657,60.14),(146,2,220.95,5.29,1152.24,0.97,'2025-03-15 11:40:00',5.663,59.95),(147,2,221.00,5.22,1195.18,0.98,'2025-03-15 11:45:00',5.661,60.07),(148,2,220.85,5.27,1095.95,1.02,'2025-03-15 11:50:00',5.691,60.39),(149,2,220.73,5.39,1233.18,0.96,'2025-03-15 11:55:00',5.751,60.01),(150,2,220.77,5.80,1214.84,0.99,'2025-03-15 12:00:00',5.664,59.82),(151,2,221.03,5.34,1243.20,0.93,'2025-03-15 12:05:00',5.729,60.17),(152,2,220.53,5.45,1167.06,0.96,'2025-03-15 12:10:00',5.689,60.1),(153,2,220.31,5.34,1207.28,0.92,'2025-03-15 12:15:00',5.61,60.18),(154,2,220.55,5.42,1213.98,0.96,'2025-03-15 12:20:00',5.758,60.63),(155,2,220.21,5.89,1250.85,1.00,'2025-03-15 12:25:00',5.654,59.85),(156,2,221.05,5.20,1184.66,0.95,'2025-03-15 12:30:00',5.736,60.33),(157,2,219.55,5.18,1192.96,0.96,'2025-03-15 12:35:00',5.677,60.12),(158,2,220.58,5.41,1154.90,0.93,'2025-03-15 12:40:00',5.747,60.18),(159,2,220.12,5.40,1192.33,0.96,'2025-03-15 12:45:00',5.703,59.56),(160,2,220.87,5.89,1144.92,0.99,'2025-03-15 12:50:00',5.758,59.94),(161,2,220.29,5.29,1269.05,0.99,'2025-03-15 12:55:00',5.783,60.12),(162,2,219.90,5.50,1187.34,0.97,'2025-03-15 13:00:00',5.802,60.23),(163,2,221.23,5.01,1170.27,0.98,'2025-03-15 13:05:00',5.759,60.26),(164,2,220.40,4.91,1277.04,0.94,'2025-03-15 13:10:00',5.687,60.37),(165,2,221.01,5.04,1212.25,0.99,'2025-03-15 13:15:00',5.674,59.87),(166,2,220.45,5.20,1188.25,1.00,'2025-03-15 13:20:00',5.713,60.06),(167,2,220.61,5.33,1151.84,0.99,'2025-03-15 13:25:00',5.668,60.11),(168,2,220.23,5.42,1256.19,0.98,'2025-03-15 13:30:00',5.652,59.88),(169,2,220.60,5.40,1211.06,0.95,'2025-03-15 13:35:00',5.711,60.36),(170,2,221.09,4.96,1242.70,0.93,'2025-03-15 13:40:00',5.711,60.09),(171,2,219.98,5.21,1223.88,0.98,'2025-03-15 13:45:00',5.698,59.89),(172,2,219.74,5.34,1140.35,0.94,'2025-03-15 13:50:00',5.74,59.95),(173,2,220.64,5.31,1182.55,0.98,'2025-03-15 13:55:00',5.682,60.17),(174,2,220.24,5.33,1134.06,0.96,'2025-03-15 14:00:00',5.705,60.07),(175,2,220.93,5.38,1113.45,0.98,'2025-03-15 14:05:00',5.77,60.34),(176,2,220.05,5.81,1181.52,0.99,'2025-03-15 14:10:00',5.711,59.79),(177,2,220.34,5.08,1277.92,0.97,'2025-03-15 14:15:00',5.618,59.87),(178,2,220.21,4.90,1188.12,0.95,'2025-03-15 14:20:00',5.671,60.13),(179,2,219.96,5.17,1195.49,0.98,'2025-03-15 14:25:00',5.757,60.28),(180,2,220.33,5.54,1180.50,0.99,'2025-03-15 14:30:00',5.711,59.95),(181,2,219.73,5.26,1218.25,0.98,'2025-03-15 14:35:00',5.703,59.92),(182,2,220.42,5.20,1257.97,0.97,'2025-03-15 14:40:00',5.66,60),(183,2,220.44,5.32,1237.09,0.97,'2025-03-15 14:45:00',5.742,60.13),(184,2,220.56,5.43,1182.57,0.98,'2025-03-15 14:50:00',5.717,60.39),(185,2,221.12,5.68,1107.43,0.99,'2025-03-15 14:55:00',5.651,60.05),(186,2,220.54,5.46,1188.00,1.00,'2025-03-15 15:00:00',5.686,60.39),(187,2,219.94,5.12,1217.36,0.97,'2025-03-15 15:05:00',5.697,60.05),(188,2,220.41,5.64,1229.16,0.96,'2025-03-15 15:10:00',5.74,60.19),(189,2,220.23,5.36,1211.81,0.99,'2025-03-15 15:15:00',5.731,59.91),(190,2,220.27,5.08,1159.95,0.99,'2025-03-15 15:20:00',5.682,60.12),(191,2,219.95,5.66,1295.25,0.96,'2025-03-15 15:25:00',5.676,59.89),(192,2,219.26,5.42,1194.42,0.96,'2025-03-15 15:30:00',5.682,60.12),(193,2,221.61,5.49,1193.84,0.95,'2025-03-15 15:35:00',5.648,59.81),(194,2,221.21,5.72,1237.38,0.96,'2025-03-15 15:40:00',5.753,60.21),(195,2,220.04,5.52,1205.85,0.98,'2025-03-15 15:45:00',5.719,59.63),(196,2,221.06,5.60,1116.81,0.97,'2025-03-15 15:50:00',5.708,59.91),(197,2,220.57,5.14,1173.90,0.97,'2025-03-15 15:55:00',5.782,60),(198,2,220.13,5.62,1264.53,0.97,'2025-03-15 16:00:00',5.747,60.17),(199,2,220.22,5.16,1190.72,0.96,'2025-03-15 16:05:00',5.782,60.07),(200,2,220.12,5.43,1249.86,0.96,'2025-03-15 16:10:00',5.686,59.87),(201,2,221.24,5.36,1158.57,0.98,'2025-03-15 16:15:00',5.743,60.17),(202,2,220.52,5.34,1146.27,1.00,'2025-03-15 16:20:00',5.689,60.1),(203,2,221.24,5.35,1236.81,0.97,'2025-03-15 16:25:00',5.673,59.97),(204,2,220.75,5.19,1197.14,0.99,'2025-03-15 16:30:00',5.679,60.01),(205,2,220.30,5.39,1107.39,0.98,'2025-03-15 16:35:00',5.712,59.88),(206,2,220.77,5.71,1204.33,0.97,'2025-03-15 16:40:00',5.605,60.2),(207,2,220.05,5.33,1186.22,0.95,'2025-03-15 16:45:00',5.705,60.39),(208,2,219.56,5.44,1151.99,0.99,'2025-03-15 16:50:00',5.805,59.78),(209,2,220.62,5.36,1242.33,0.97,'2025-03-15 16:55:00',5.787,59.69),(210,2,220.22,4.97,1173.41,0.95,'2025-03-15 17:00:00',5.721,60.09),(211,2,220.01,5.59,1158.91,0.98,'2025-03-15 17:05:00',5.684,60.07),(212,2,220.33,5.53,1199.51,0.97,'2025-03-15 17:10:00',5.766,60.2),(213,2,220.06,5.24,1185.12,0.99,'2025-03-15 17:15:00',5.628,60),(214,2,220.41,5.36,1142.39,0.94,'2025-03-15 17:20:00',5.662,60.29),(215,2,220.79,5.46,1266.47,0.97,'2025-03-15 17:25:00',5.703,60.12),(216,2,220.14,5.54,1223.58,0.98,'2025-03-15 17:30:00',5.699,60.02),(217,2,220.41,5.51,1213.36,0.97,'2025-03-15 17:35:00',5.73,60.15),(218,2,220.86,5.65,1317.43,0.95,'2025-03-15 17:40:00',5.77,59.74),(219,2,220.68,5.48,1208.88,1.00,'2025-03-15 17:45:00',5.65,60.25),(220,2,219.63,5.54,1298.39,0.95,'2025-03-15 17:50:00',5.67,60.2),(221,2,221.04,5.49,1211.88,0.96,'2025-03-15 17:55:00',5.748,59.82),(222,2,220.51,5.52,1190.25,1.04,'2025-03-15 18:00:00',5.728,60.41),(223,2,219.93,5.36,1139.81,0.97,'2025-03-15 18:05:00',5.79,59.72),(224,2,220.29,5.46,1188.90,0.98,'2025-03-15 18:10:00',5.756,59.84),(225,2,220.64,5.57,1145.01,0.98,'2025-03-15 18:15:00',5.702,60.12),(226,2,220.31,5.37,1195.14,0.97,'2025-03-15 18:20:00',5.66,60.22),(227,2,219.84,5.30,1176.16,0.98,'2025-03-15 18:25:00',5.75,60.12),(228,2,220.28,5.70,1207.26,0.97,'2025-03-15 18:30:00',5.665,59.79),(229,2,219.96,5.21,1267.95,0.94,'2025-03-15 18:35:00',5.677,59.8),(230,2,219.97,5.68,1183.81,0.98,'2025-03-15 18:40:00',5.752,60.09),(231,2,220.91,5.50,1207.76,0.95,'2025-03-15 18:45:00',5.712,59.91),(232,2,220.79,5.39,1194.48,0.98,'2025-03-15 18:50:00',5.704,59.73),(233,2,220.82,5.49,1205.73,0.94,'2025-03-15 18:55:00',5.702,60.31),(234,2,220.76,5.53,1156.31,0.97,'2025-03-15 19:00:00',5.684,60.02),(235,2,219.70,5.26,1086.64,0.95,'2025-03-15 19:05:00',5.606,60.28),(236,2,220.14,5.30,1215.49,0.99,'2025-03-15 19:10:00',5.617,59.79),(237,2,220.43,5.44,1220.95,1.01,'2025-03-15 19:15:00',5.66,60.29),(238,2,220.40,5.60,1161.55,0.98,'2025-03-15 19:20:00',5.731,60.53),(239,2,220.26,5.53,1177.51,0.96,'2025-03-15 19:25:00',5.741,60.17),(240,2,220.88,5.39,1194.11,0.96,'2025-03-15 19:30:00',5.669,59.87),(241,2,221.15,5.51,1253.93,0.99,'2025-03-15 19:35:00',5.672,60.02),(242,2,221.00,5.45,1194.45,0.98,'2025-03-15 19:40:00',5.713,60.27),(243,2,221.01,5.29,1238.66,0.97,'2025-03-15 19:45:00',5.7,59.77),(244,2,220.12,5.43,1150.99,0.97,'2025-03-15 19:50:00',5.763,60.05),(245,2,220.50,5.54,1189.12,0.96,'2025-03-15 19:55:00',5.726,60.15),(246,2,220.15,4.93,1100.05,1.00,'2025-03-15 20:00:00',5.722,60.13),(247,2,220.60,5.62,1290.87,0.97,'2025-03-15 20:05:00',5.699,60.05),(248,2,220.49,5.47,1210.21,0.97,'2025-03-15 20:10:00',5.685,60.19),(249,2,220.73,5.35,1114.11,0.97,'2025-03-15 20:15:00',5.643,60.44),(250,2,220.58,5.62,1211.50,0.97,'2025-03-15 20:20:00',5.689,59.88),(251,2,221.00,5.68,1242.43,0.97,'2025-03-15 20:25:00',5.696,60.03),(252,2,220.66,5.08,1199.47,0.96,'2025-03-15 20:30:00',5.778,59.88),(253,2,221.03,5.17,1211.34,0.97,'2025-03-15 20:35:00',5.663,59.89),(254,2,220.14,5.35,1113.33,0.96,'2025-03-15 20:40:00',5.757,59.72),(255,2,220.60,5.21,1108.53,0.97,'2025-03-15 20:45:00',5.73,60.03),(256,2,220.33,5.54,1221.83,0.98,'2025-03-15 20:50:00',5.65,60.1),(257,2,220.25,5.54,1167.94,0.96,'2025-03-15 20:55:00',5.627,59.98),(258,2,220.81,5.15,1226.61,0.96,'2025-03-15 21:00:00',5.661,59.85),(259,2,220.69,5.19,1227.80,0.97,'2025-03-15 21:05:00',5.76,60.33),(260,2,219.84,5.33,1104.34,0.96,'2025-03-15 21:10:00',5.726,60.03),(261,2,219.97,5.19,1240.49,0.93,'2025-03-15 21:15:00',5.698,59.92),(262,2,219.96,5.51,1156.09,0.94,'2025-03-15 21:20:00',5.825,59.8),(263,2,220.76,5.30,1203.42,0.98,'2025-03-15 21:25:00',5.775,59.96),(264,2,220.64,5.27,1161.65,0.98,'2025-03-15 21:30:00',5.515,60.25),(265,2,220.12,5.48,1143.60,0.99,'2025-03-15 21:35:00',5.694,59.92),(266,2,220.20,5.40,1255.14,0.98,'2025-03-15 21:40:00',5.658,60.03),(267,2,220.46,5.16,1292.57,0.97,'2025-03-15 21:45:00',5.813,60.08),(268,2,221.51,5.40,1171.08,1.01,'2025-03-15 21:50:00',5.7,60.01),(269,2,220.71,5.45,1241.30,0.97,'2025-03-15 21:55:00',5.661,59.84),(270,2,219.84,5.36,1176.10,0.96,'2025-03-15 22:00:00',5.747,59.94),(271,2,220.73,5.30,1231.38,0.95,'2025-03-15 22:05:00',5.642,59.67),(272,2,220.65,5.36,1090.96,1.01,'2025-03-15 22:10:00',5.753,59.97),(273,2,220.39,5.37,1177.33,0.99,'2025-03-15 22:15:00',5.77,59.94),(274,2,221.26,5.78,1212.18,1.01,'2025-03-15 22:20:00',5.668,60.19),(275,2,219.64,5.39,1228.01,0.94,'2025-03-15 22:25:00',5.717,60.1),(276,2,219.82,5.64,1279.09,0.97,'2025-03-15 22:30:00',5.603,60.27),(277,2,221.14,5.16,1275.32,0.96,'2025-03-15 22:35:00',5.764,60.09),(278,2,220.85,4.97,1291.59,0.98,'2025-03-15 22:40:00',5.695,60.2),(279,2,221.02,5.64,1286.47,0.99,'2025-03-15 22:45:00',5.64,59.98),(280,2,221.47,5.58,1313.57,0.96,'2025-03-15 22:50:00',5.696,60.31),(281,2,221.24,5.42,1141.61,0.97,'2025-03-15 22:55:00',5.73,59.84),(282,2,220.76,5.52,1316.42,0.98,'2025-03-15 23:00:00',5.646,59.91),(283,2,220.03,5.66,1273.27,0.99,'2025-03-15 23:05:00',5.6,60.15),(284,2,219.98,5.69,1137.45,1.02,'2025-03-15 23:10:00',5.826,59.71),(285,2,219.77,5.29,1194.18,0.96,'2025-03-15 23:15:00',5.719,59.91),(286,2,219.84,5.18,1283.51,0.97,'2025-03-15 23:20:00',5.709,60.01),(287,2,221.23,5.57,1285.45,0.98,'2025-03-15 23:25:00',5.789,60.01),(288,2,219.41,5.46,1088.53,1.00,'2025-03-15 23:30:00',5.746,59.88),(289,2,220.97,5.27,1287.73,0.95,'2025-03-15 23:35:00',5.72,60.18),(290,2,220.63,5.21,1221.77,0.99,'2025-03-15 23:40:00',5.683,60.02),(291,2,220.99,5.60,1126.73,0.97,'2025-03-15 23:45:00',5.714,60.2),(292,2,219.83,5.44,1072.60,0.97,'2025-03-15 23:50:00',5.743,59.94),(293,2,220.43,5.21,1278.95,0.97,'2025-03-15 23:55:00',5.671,60.03),(294,2,221.66,5.23,1300.90,0.99,'2025-03-16 00:00:00',5.631,59.72),(295,2,220.79,5.56,1294.54,0.97,'2025-03-16 00:05:00',5.715,59.85),(296,2,220.95,5.62,1250.44,0.99,'2025-03-16 00:10:00',5.778,59.94),(297,2,220.15,5.38,1205.92,0.94,'2025-03-16 00:15:00',5.598,59.77),(298,2,220.05,5.61,1233.66,0.93,'2025-03-16 00:20:00',5.644,60.2),(299,2,220.20,5.47,1119.44,0.97,'2025-03-16 00:25:00',5.671,60.18),(300,2,219.92,5.43,1127.35,0.97,'2025-03-16 00:30:00',5.787,60.09),(301,2,221.01,5.41,1221.13,0.97,'2025-03-16 00:35:00',5.661,59.56),(302,2,220.46,5.45,1192.60,0.99,'2025-03-16 00:40:00',5.647,59.68),(303,2,220.27,5.85,1212.68,0.95,'2025-03-16 00:45:00',5.662,59.85),(304,2,220.95,5.32,1238.44,0.95,'2025-03-16 00:50:00',5.667,60.29),(305,2,220.52,5.37,1194.58,0.93,'2025-03-16 00:55:00',5.641,60.21),(306,2,221.01,5.45,1252.54,0.96,'2025-03-16 01:00:00',5.724,59.95),(307,2,220.98,5.21,1164.49,0.98,'2025-03-16 01:05:00',5.655,59.9),(308,2,220.72,5.56,1188.23,0.97,'2025-03-16 01:10:00',5.724,60.14),(309,2,220.40,5.60,1231.81,0.95,'2025-03-16 01:15:00',5.635,59.82),(310,2,221.26,5.24,1218.58,0.97,'2025-03-16 01:20:00',5.66,60.21),(311,2,220.35,5.58,1283.32,0.97,'2025-03-16 01:25:00',5.646,59.57),(312,2,219.93,5.38,1243.41,0.97,'2025-03-16 01:30:00',5.756,59.81),(313,2,220.46,5.32,1105.92,0.99,'2025-03-16 01:35:00',5.657,60.2),(314,2,221.03,5.79,1212.89,0.97,'2025-03-16 01:40:00',5.686,60.03),(315,2,220.45,5.83,1217.70,1.00,'2025-03-16 01:45:00',5.727,59.89),(316,2,219.96,5.32,1245.51,0.97,'2025-03-16 01:50:00',5.797,60.05),(317,2,219.81,5.63,1188.05,0.97,'2025-03-16 01:55:00',5.725,60),(318,2,219.45,5.25,1192.53,0.99,'2025-03-16 02:00:00',5.614,59.98),(319,2,220.32,5.87,1261.75,0.98,'2025-03-16 02:05:00',5.736,60.12),(320,2,220.67,5.33,1155.78,0.96,'2025-03-16 02:10:00',5.697,59.75),(321,2,219.55,5.52,1223.54,0.99,'2025-03-16 02:15:00',5.653,59.84),(322,2,220.57,5.23,1138.34,0.99,'2025-03-16 02:20:00',5.618,60),(323,2,220.32,5.56,1099.28,1.02,'2025-03-16 02:25:00',5.837,59.96),(324,2,220.33,5.48,1281.93,0.96,'2025-03-16 02:30:00',5.709,60.02),(325,2,220.52,5.07,1128.28,0.97,'2025-03-16 02:35:00',5.779,59.81),(326,2,220.41,4.97,1186.63,0.94,'2025-03-16 02:40:00',5.708,59.48),(327,2,220.67,5.31,1148.14,0.99,'2025-03-16 02:45:00',5.718,59.78),(328,2,221.45,5.18,1291.98,0.98,'2025-03-16 02:50:00',5.765,60.13),(329,2,220.18,5.41,1170.79,0.97,'2025-03-16 02:55:00',5.664,60.16),(330,2,220.92,5.39,1175.89,0.95,'2025-03-16 03:00:00',5.69,59.89),(331,2,220.56,5.98,1248.46,0.99,'2025-03-16 03:05:00',5.739,60.2),(332,2,220.18,5.34,1192.66,0.95,'2025-03-16 03:10:00',5.762,59.84),(333,2,219.86,5.67,1181.91,0.94,'2025-03-16 03:15:00',5.609,60.17),(334,2,220.29,5.50,1212.98,0.94,'2025-03-16 03:20:00',5.669,60.18),(335,2,221.20,5.63,1185.77,0.96,'2025-03-16 03:25:00',5.749,59.91),(336,2,220.63,5.42,1046.00,0.96,'2025-03-16 03:30:00',5.766,60),(337,2,220.20,5.38,1063.50,0.98,'2025-03-16 03:35:00',5.682,60.1),(338,2,220.99,5.28,1195.29,0.98,'2025-03-16 03:40:00',5.732,60.02),(339,2,220.17,5.52,1217.14,0.98,'2025-03-16 03:45:00',5.627,59.56),(340,2,220.67,5.29,1243.19,1.00,'2025-03-16 03:50:00',5.682,59.91),(341,2,219.41,5.18,1129.01,0.98,'2025-03-16 03:55:00',5.679,60.34),(342,2,219.70,5.43,1131.28,0.94,'2025-03-16 04:00:00',5.673,60.22),(343,2,220.47,5.25,1293.14,0.96,'2025-03-16 04:05:00',5.643,59.94),(344,2,220.63,5.18,1180.42,0.96,'2025-03-16 04:10:00',5.718,60.3),(345,2,220.40,5.40,1225.10,0.98,'2025-03-16 04:15:00',5.664,59.86),(346,2,220.54,5.20,1140.69,0.96,'2025-03-16 04:20:00',5.725,59.88),(347,2,221.28,5.40,1250.22,0.94,'2025-03-16 04:25:00',5.758,59.78),(348,2,221.21,5.01,1147.82,0.96,'2025-03-16 04:30:00',5.634,60.04),(349,2,220.66,5.51,1223.59,0.99,'2025-03-16 04:35:00',5.729,59.91),(350,2,220.55,5.13,1165.34,0.95,'2025-03-16 04:40:00',5.711,60.22),(351,2,220.84,5.49,1201.80,0.99,'2025-03-16 04:45:00',5.704,60.19),(352,2,220.45,5.73,1132.60,0.97,'2025-03-16 04:50:00',5.647,60.07),(353,2,220.03,5.42,1161.75,0.96,'2025-03-16 04:55:00',5.638,59.91),(354,2,220.38,5.36,1179.46,0.97,'2025-03-16 05:00:00',5.688,60.15),(355,2,220.58,5.58,1215.47,0.96,'2025-03-16 05:05:00',5.747,60.15),(356,2,221.16,5.19,1274.30,0.98,'2025-03-16 05:10:00',5.653,60),(357,2,220.43,5.08,1136.13,0.97,'2025-03-16 05:15:00',5.756,60.14),(358,2,220.23,5.16,1231.98,0.97,'2025-03-16 05:20:00',5.684,59.81),(359,2,221.01,5.55,1160.77,0.98,'2025-03-16 05:25:00',5.812,59.53),(360,2,219.90,5.32,1210.01,0.96,'2025-03-16 05:30:00',5.744,59.93),(361,2,220.71,5.51,1247.32,0.98,'2025-03-16 05:35:00',5.736,60.24),(362,2,221.49,5.34,1211.31,0.99,'2025-03-16 05:40:00',5.609,59.89),(363,2,220.86,5.49,1110.05,0.97,'2025-03-16 05:45:00',5.634,59.73),(364,2,220.33,5.32,1194.24,0.96,'2025-03-16 05:50:00',5.594,59.84),(365,2,219.34,5.45,1244.80,0.97,'2025-03-16 05:55:00',5.65,60.26),(366,2,220.84,5.49,1203.20,0.97,'2025-03-16 06:00:00',5.646,59.86),(367,2,220.71,5.21,1172.37,0.95,'2025-03-16 06:05:00',5.693,60.37),(368,2,220.04,5.19,1155.43,0.99,'2025-03-16 06:10:00',5.631,59.91),(369,2,221.00,5.20,1197.47,0.96,'2025-03-16 06:15:00',5.787,60.17),(370,2,220.13,5.52,1181.29,0.95,'2025-03-16 06:20:00',5.738,59.84),(371,2,220.73,5.33,1245.68,0.98,'2025-03-16 06:25:00',5.711,59.81),(372,2,220.17,5.38,1187.72,0.94,'2025-03-16 06:30:00',5.677,59.57),(373,2,220.03,5.40,1174.64,0.94,'2025-03-16 06:35:00',5.633,60.39),(374,2,219.22,5.21,1289.56,0.93,'2025-03-16 06:40:00',5.684,60.11),(375,2,220.17,5.54,1158.24,0.98,'2025-03-16 06:45:00',5.691,60.05),(376,2,220.31,5.17,1235.10,0.97,'2025-03-16 06:50:00',5.598,59.68),(377,2,219.78,5.32,1231.84,0.94,'2025-03-16 06:55:00',5.731,60.4),(378,2,220.17,5.41,1203.47,0.96,'2025-03-16 07:00:00',5.773,59.52),(379,2,220.13,5.20,1219.26,0.96,'2025-03-16 07:05:00',5.639,60.21),(380,2,220.73,5.54,1322.31,1.00,'2025-03-16 07:10:00',5.685,59.98),(381,2,219.78,5.11,1137.10,0.96,'2025-03-16 07:15:00',5.672,59.84),(382,2,220.70,5.76,1160.51,0.98,'2025-03-16 07:20:00',5.744,60.06),(383,2,220.88,5.53,1240.81,0.94,'2025-03-16 07:25:00',5.64,60.2),(384,2,220.82,5.64,1269.19,0.95,'2025-03-16 07:30:00',5.724,60.37),(385,2,220.33,5.49,1168.02,0.96,'2025-03-16 07:35:00',5.598,60.06),(386,2,220.80,5.48,1193.68,0.97,'2025-03-16 07:40:00',5.675,59.99),(387,2,221.07,5.04,1277.88,0.99,'2025-03-16 07:45:00',5.633,60.35),(388,2,221.02,5.34,1194.15,0.96,'2025-03-16 07:50:00',5.696,60.41),(389,2,220.13,5.18,1275.58,0.98,'2025-03-16 07:55:00',5.719,60.05),(390,2,220.40,5.56,1248.38,1.00,'2025-03-16 08:00:00',5.699,59.97),(391,2,220.98,5.48,1247.89,0.99,'2025-03-16 08:05:00',5.756,59.9),(392,2,220.34,5.21,1126.68,0.92,'2025-03-16 08:10:00',5.616,59.91),(393,2,221.05,5.52,1231.11,0.96,'2025-03-16 08:15:00',5.632,60.19),(394,2,219.69,5.49,1218.24,0.96,'2025-03-16 08:20:00',5.659,59.91),(395,2,220.33,5.40,1096.61,1.01,'2025-03-16 08:25:00',5.697,60.13),(396,2,220.07,5.80,1249.36,0.97,'2025-03-16 08:30:00',5.619,59.68),(397,2,219.81,5.37,1163.60,0.94,'2025-03-16 08:35:00',5.714,60.27),(398,2,220.27,5.25,1142.77,0.98,'2025-03-16 08:40:00',5.608,59.78),(399,2,219.82,5.56,1184.18,0.95,'2025-03-16 08:45:00',5.733,60.08),(400,2,219.94,4.87,1216.55,0.99,'2025-03-16 08:50:00',5.68,59.89),(401,2,220.24,5.32,1207.43,0.99,'2025-03-16 08:55:00',5.739,59.64),(402,2,221.26,5.57,1187.87,0.95,'2025-03-16 09:00:00',5.784,59.9),(403,2,221.43,5.47,1072.34,0.99,'2025-03-16 09:05:00',5.769,59.66),(404,2,221.63,5.44,1187.08,0.96,'2025-03-16 09:10:00',5.683,60.15),(405,2,220.99,5.33,1168.15,0.98,'2025-03-16 09:15:00',5.708,59.88),(406,2,220.65,5.70,1297.80,1.00,'2025-03-16 09:20:00',5.607,59.79),(407,2,221.67,5.19,1248.29,0.98,'2025-03-16 09:25:00',5.694,60.25),(408,2,220.81,5.75,1198.78,0.96,'2025-03-16 09:30:00',5.746,59.93),(409,2,220.59,5.26,1220.64,0.94,'2025-03-16 09:35:00',5.689,60.32),(410,2,220.46,5.74,1214.43,0.96,'2025-03-16 09:40:00',5.622,59.6),(411,2,221.04,5.52,1195.30,0.95,'2025-03-16 09:45:00',5.852,59.87),(412,2,221.08,5.53,1234.40,0.96,'2025-03-16 09:50:00',5.791,60.11),(413,2,220.05,5.16,1190.45,0.95,'2025-03-16 09:55:00',5.683,59.6),(414,2,220.88,5.44,1129.13,0.93,'2025-03-16 10:00:00',5.635,59.95),(415,2,220.04,5.31,1258.05,0.94,'2025-03-16 10:05:00',5.656,60.25),(416,2,221.23,5.10,1186.79,1.03,'2025-03-16 10:10:00',5.741,60.36),(417,2,220.23,5.20,1146.68,0.95,'2025-03-16 10:15:00',5.689,60.08),(418,2,220.69,5.13,1134.40,0.98,'2025-03-16 10:20:00',5.762,60.19),(419,2,219.57,5.50,1143.20,0.95,'2025-03-16 10:25:00',5.791,60),(420,2,220.42,5.58,1168.43,0.97,'2025-03-16 10:30:00',5.682,60.2),(421,2,219.72,4.81,1193.20,0.96,'2025-03-16 10:35:00',5.66,59.99),(422,2,220.66,5.54,1240.64,0.94,'2025-03-16 10:40:00',5.78,60.01),(423,2,220.06,5.15,1246.05,0.99,'2025-03-16 10:45:00',5.722,60.04),(424,2,220.48,5.60,1221.55,0.98,'2025-03-16 10:50:00',5.738,60.26),(425,2,220.35,5.60,1285.53,0.97,'2025-03-16 10:55:00',5.69,59.82),(426,2,220.27,5.39,1154.32,0.98,'2025-03-16 11:00:00',5.695,59.91),(427,2,220.76,5.29,1190.36,0.96,'2025-03-16 11:05:00',5.69,59.78),(428,2,220.16,5.29,1194.11,0.99,'2025-03-16 11:10:00',5.822,59.96),(429,2,219.95,5.95,1211.15,0.97,'2025-03-16 11:15:00',5.656,60.04),(430,2,220.75,5.40,1183.41,0.99,'2025-03-16 11:20:00',5.725,60.11),(431,2,220.55,5.83,1205.66,1.00,'2025-03-16 11:25:00',5.668,59.92),(432,2,219.83,5.49,1178.75,0.98,'2025-03-16 11:30:00',5.695,60.39),(433,2,220.51,5.50,1265.74,0.95,'2025-03-16 11:35:00',5.694,60.04),(434,2,221.78,5.39,1183.57,0.97,'2025-03-16 11:40:00',5.695,60.02),(435,2,220.67,5.65,1131.27,0.98,'2025-03-16 11:45:00',5.637,60.01),(436,2,220.39,5.25,1156.64,0.96,'2025-03-16 11:50:00',5.678,60.42),(437,2,220.07,5.36,1210.57,0.99,'2025-03-16 11:55:00',5.77,60.05),(438,2,220.17,5.68,1102.16,1.00,'2025-03-16 12:00:00',5.665,60.05),(439,2,220.57,5.77,1181.76,1.00,'2025-03-16 12:05:00',5.665,60.05),(440,2,220.67,5.65,1209.33,0.96,'2025-03-16 12:10:00',5.701,60.15),(441,2,221.11,5.69,1244.86,0.98,'2025-03-16 12:15:00',5.716,60.19),(442,2,220.25,5.39,1226.72,0.99,'2025-03-16 12:20:00',5.732,59.53),(443,2,220.26,5.03,1128.84,0.97,'2025-03-16 12:25:00',5.762,59.71),(444,2,220.83,5.48,1206.37,0.96,'2025-03-16 12:30:00',5.702,59.76),(445,2,220.83,5.21,1145.74,0.93,'2025-03-16 12:35:00',5.694,59.82),(446,2,220.95,5.15,1122.37,0.95,'2025-03-16 12:40:00',5.767,60.17),(447,2,221.26,4.97,1164.80,0.99,'2025-03-16 12:45:00',5.691,60.15),(448,2,221.18,5.66,1238.95,0.97,'2025-03-16 12:50:00',5.603,59.71),(449,2,220.99,5.81,1147.93,0.98,'2025-03-16 12:55:00',5.64,59.6),(450,2,220.66,5.16,1286.26,0.94,'2025-03-16 13:00:00',5.722,60.12),(451,2,221.52,5.31,1182.45,0.99,'2025-03-16 13:05:00',5.701,59.91),(452,2,220.76,5.36,1208.37,0.96,'2025-03-16 13:10:00',5.664,60.11),(453,2,220.16,5.12,1240.10,0.99,'2025-03-16 13:15:00',5.652,60.01),(454,2,220.09,5.21,1175.69,1.00,'2025-03-16 13:20:00',5.706,60.12),(455,2,220.26,5.41,1200.93,0.99,'2025-03-16 13:25:00',5.662,59.97),(456,2,219.73,5.33,1281.01,0.95,'2025-03-16 13:30:00',5.689,60.02),(457,2,219.84,5.62,1142.38,1.00,'2025-03-16 13:35:00',5.694,59.96),(458,2,220.44,5.50,1163.95,0.96,'2025-03-16 13:40:00',5.67,59.75),(459,2,221.16,5.46,1217.86,0.96,'2025-03-16 13:45:00',5.683,59.78),(460,2,220.40,5.37,1285.38,1.01,'2025-03-16 13:50:00',5.7,59.31),(461,2,220.54,5.43,1084.74,0.97,'2025-03-16 13:55:00',5.652,60.16),(462,2,220.93,5.48,1156.94,0.96,'2025-03-16 14:00:00',5.642,59.88),(463,2,219.90,6.02,1144.07,0.95,'2025-03-16 14:05:00',5.745,59.72),(464,2,221.53,5.24,1233.48,1.00,'2025-03-16 14:10:00',5.756,60.38),(465,2,220.49,5.35,1301.84,0.98,'2025-03-16 14:15:00',5.622,59.98),(466,2,220.13,5.14,1173.26,0.97,'2025-03-16 14:20:00',5.695,59.85),(467,2,220.65,5.27,1194.55,0.97,'2025-03-16 14:25:00',5.674,60.22),(468,2,219.89,5.66,1190.66,0.95,'2025-03-16 14:30:00',5.689,59.69),(469,2,220.64,5.23,1149.09,0.96,'2025-03-16 14:35:00',5.696,59.59),(470,2,220.80,5.30,1169.12,0.97,'2025-03-16 14:40:00',5.71,60.25),(471,2,220.59,5.56,1152.38,0.97,'2025-03-16 14:45:00',5.797,60.12),(472,2,219.64,5.26,1271.67,0.95,'2025-03-16 14:50:00',5.696,59.87),(473,2,220.24,5.45,1190.51,0.94,'2025-03-16 14:55:00',5.67,59.72),(474,2,220.62,5.40,1153.01,0.96,'2025-03-16 15:00:00',5.759,59.97),(475,2,220.74,5.17,1183.97,0.97,'2025-03-16 15:05:00',5.699,59.83),(476,2,219.72,5.61,1182.50,0.95,'2025-03-16 15:10:00',5.63,60.01),(477,2,220.41,5.67,1214.73,0.99,'2025-03-16 15:15:00',5.668,59.84),(478,2,221.35,5.58,1145.23,0.96,'2025-03-16 15:20:00',5.707,59.99),(479,2,219.71,5.16,1138.84,0.98,'2025-03-16 15:25:00',5.695,59.67),(480,2,220.02,5.13,1277.02,0.96,'2025-03-16 15:30:00',5.615,60.23),(481,2,220.70,5.22,1327.83,0.91,'2025-03-16 15:35:00',5.738,60.01),(482,2,219.97,5.28,1203.35,0.96,'2025-03-16 15:40:00',5.641,60),(483,2,220.85,5.36,1279.11,0.99,'2025-03-16 15:45:00',5.652,59.99),(484,2,220.49,5.74,1158.83,0.97,'2025-03-16 15:50:00',5.695,60.07),(485,2,221.09,5.24,1193.61,0.95,'2025-03-16 15:55:00',5.764,59.8),(486,2,220.98,5.45,1239.19,0.95,'2025-03-16 16:00:00',5.712,60.07),(487,2,220.44,5.60,1089.83,0.93,'2025-03-16 16:05:00',5.684,59.74),(488,2,220.95,5.45,1186.69,0.94,'2025-03-16 16:10:00',5.8,59.71),(489,2,220.65,5.55,1198.11,0.98,'2025-03-16 16:15:00',5.725,59.89),(490,2,221.27,5.18,1193.18,1.01,'2025-03-16 16:20:00',5.735,60.2),(491,2,221.10,5.51,1222.38,0.99,'2025-03-16 16:25:00',5.683,59.96),(492,2,220.36,5.67,1240.58,0.95,'2025-03-16 16:30:00',5.778,59.79),(493,2,219.80,5.32,1202.09,0.98,'2025-03-16 16:35:00',5.705,59.83),(494,2,220.50,5.43,1253.82,0.99,'2025-03-16 16:40:00',5.642,60.16),(495,2,220.82,5.69,1198.18,0.94,'2025-03-16 16:45:00',5.632,59.76),(496,2,220.44,5.06,1122.73,1.00,'2025-03-16 16:50:00',5.681,60.04),(497,2,220.53,5.29,1212.74,0.95,'2025-03-16 16:55:00',5.698,60.15),(498,2,220.96,5.41,1144.31,0.97,'2025-03-16 17:00:00',5.694,60.04),(499,2,220.63,5.32,1130.44,0.96,'2025-03-16 17:05:00',5.677,59.82),(500,2,220.75,5.30,1198.68,0.96,'2025-03-16 17:10:00',5.676,60.02),(501,2,220.06,5.05,1184.09,0.97,'2025-03-16 17:15:00',5.611,60.08),(502,2,220.20,5.49,1178.95,0.96,'2025-03-16 17:20:00',5.74,60.01),(503,2,221.08,5.38,1131.42,0.98,'2025-03-16 17:25:00',5.744,59.7),(504,2,220.25,5.35,1284.11,1.01,'2025-03-16 17:30:00',5.729,59.95),(505,2,220.57,5.38,1232.40,0.99,'2025-03-16 17:35:00',5.624,59.81),(506,2,221.16,5.50,1151.98,0.98,'2025-03-16 17:40:00',5.687,60.03),(507,2,220.05,4.91,1194.53,1.00,'2025-03-16 17:45:00',5.638,60.04),(508,2,221.13,5.23,1235.53,1.01,'2025-03-16 17:50:00',5.842,59.85),(509,2,220.03,5.53,1177.11,1.02,'2025-03-16 17:55:00',5.673,59.99),(510,2,220.92,5.60,1202.67,0.94,'2025-03-16 18:00:00',5.649,59.71),(511,2,220.83,5.41,1131.98,0.95,'2025-03-16 18:05:00',5.703,60.1),(512,2,220.37,5.20,1214.69,0.98,'2025-03-16 18:10:00',5.753,60.12),(513,2,220.66,5.47,1163.11,0.96,'2025-03-16 18:15:00',5.822,60.1),(514,2,220.95,5.19,1209.83,0.98,'2025-03-16 18:20:00',5.752,60.24),(515,2,221.09,5.20,1243.10,1.00,'2025-03-16 18:25:00',5.681,60.12),(516,2,219.25,5.42,1173.18,1.01,'2025-03-16 18:30:00',5.572,60.2),(517,2,219.99,5.28,1247.05,0.96,'2025-03-16 18:35:00',5.583,60.2),(518,2,219.93,5.55,1244.42,0.97,'2025-03-16 18:40:00',5.612,59.96),(519,2,220.36,5.43,1266.52,0.94,'2025-03-16 18:45:00',5.699,59.75),(520,2,221.28,5.46,1182.14,0.99,'2025-03-16 18:50:00',5.726,60.23),(521,2,220.61,5.07,1114.62,0.96,'2025-03-16 18:55:00',5.641,59.47),(522,2,220.46,5.46,1179.42,0.97,'2025-03-16 19:00:00',5.611,59.96),(523,2,220.89,5.42,1186.04,0.95,'2025-03-16 19:05:00',5.655,60.04),(524,2,220.33,5.09,1225.64,0.97,'2025-03-16 19:10:00',5.696,59.77),(525,2,219.46,5.38,1165.88,0.98,'2025-03-16 19:15:00',5.675,60),(526,2,220.51,5.34,1196.63,1.00,'2025-03-16 19:20:00',5.705,60.15),(527,2,220.39,5.19,1264.68,0.99,'2025-03-16 19:25:00',5.682,60),(528,2,219.57,5.49,1245.25,0.97,'2025-03-16 19:30:00',5.733,60.05),(529,2,220.48,5.65,1241.79,0.97,'2025-03-16 19:35:00',5.729,59.82),(530,2,222.05,5.43,1187.95,0.98,'2025-03-16 19:40:00',5.801,59.98),(531,2,220.95,5.32,1228.83,0.95,'2025-03-16 19:45:00',5.653,59.73),(532,2,220.94,5.54,1147.32,0.99,'2025-03-16 19:50:00',5.704,60.18),(533,2,219.84,5.30,1136.38,0.97,'2025-03-16 19:55:00',5.717,60.11),(534,2,219.74,5.31,1241.60,0.98,'2025-03-16 20:00:00',5.668,59.93),(535,2,220.86,5.30,1148.00,0.96,'2025-03-16 20:05:00',5.768,60.18),(536,2,220.01,5.23,1249.12,0.97,'2025-03-16 20:10:00',5.702,59.97),(537,2,221.42,5.25,1135.87,0.92,'2025-03-16 20:15:00',5.695,59.91),(538,2,220.53,5.46,1219.53,0.92,'2025-03-16 20:20:00',5.677,59.94),(539,2,220.94,5.57,1174.90,0.96,'2025-03-16 20:25:00',5.676,59.77),(540,2,220.17,5.51,1185.05,0.95,'2025-03-16 20:30:00',5.712,60),(541,2,220.18,5.38,1202.48,0.98,'2025-03-16 20:35:00',5.634,59.83),(542,2,219.82,5.61,1257.27,0.99,'2025-03-16 20:40:00',5.714,59.79),(543,2,220.41,5.56,1231.64,0.95,'2025-03-16 20:45:00',5.658,59.76),(544,2,220.33,5.23,1269.63,0.99,'2025-03-16 20:50:00',5.64,60.08),(545,2,220.32,5.40,1174.89,1.00,'2025-03-16 20:55:00',5.716,60.26),(546,2,220.23,5.61,1129.19,0.96,'2025-03-16 21:00:00',5.702,60.1),(547,2,220.48,5.29,1216.44,0.96,'2025-03-16 21:05:00',5.691,60.11),(548,2,221.65,5.28,1215.45,0.96,'2025-03-16 21:10:00',5.635,59.91),(549,2,221.07,5.58,1174.18,1.00,'2025-03-16 21:15:00',5.684,59.93),(550,2,220.67,5.48,1257.70,0.97,'2025-03-16 21:20:00',5.637,59.91),(551,2,220.86,5.48,1235.00,1.00,'2025-03-16 21:25:00',5.727,59.86),(552,2,220.12,5.41,1153.16,0.93,'2025-03-16 21:30:00',5.763,60.01),(553,2,220.29,5.57,1222.93,0.95,'2025-03-16 21:35:00',5.716,59.6),(554,2,220.50,5.59,1199.24,0.97,'2025-03-16 21:40:00',5.711,60.41),(555,2,221.25,5.50,1217.74,0.96,'2025-03-16 21:45:00',5.697,60.06),(556,2,221.01,5.40,1250.12,1.01,'2025-03-16 21:50:00',5.778,59.89),(557,2,220.25,5.32,1247.00,0.95,'2025-03-16 21:55:00',5.696,60),(558,2,220.28,5.41,1233.28,0.98,'2025-03-16 22:00:00',5.667,59.82),(559,2,220.67,5.07,1161.64,0.99,'2025-03-16 22:05:00',5.762,60.3),(560,2,219.74,5.43,1230.18,0.97,'2025-03-16 22:10:00',5.661,59.94),(561,2,220.08,5.54,1163.58,0.92,'2025-03-16 22:15:00',5.648,60.13),(562,2,220.84,5.22,1166.94,0.93,'2025-03-16 22:20:00',5.796,60.22),(563,2,220.25,5.46,1240.85,0.95,'2025-03-16 22:25:00',5.796,59.9),(564,2,220.50,5.66,1169.05,0.99,'2025-03-16 22:30:00',5.682,59.82),(565,2,220.71,5.52,1219.47,0.95,'2025-03-16 22:35:00',5.739,59.93),(566,2,220.85,5.42,1185.80,0.93,'2025-03-16 22:40:00',5.69,59.92),(567,2,220.15,5.42,1128.58,0.99,'2025-03-16 22:45:00',5.715,60.1),(568,2,220.28,5.92,1200.03,0.96,'2025-03-16 22:50:00',5.703,59.73),(569,2,220.92,5.62,1205.00,0.93,'2025-03-16 22:55:00',5.567,60.17),(570,2,219.78,5.39,1205.55,0.93,'2025-03-16 23:00:00',5.761,59.59),(571,2,220.61,5.57,1165.23,0.97,'2025-03-16 23:05:00',5.687,59.97),(572,2,220.17,5.50,1215.94,1.00,'2025-03-16 23:10:00',5.614,59.89),(573,2,220.01,5.64,1087.01,0.95,'2025-03-16 23:15:00',5.677,60.02),(574,2,220.37,5.61,1215.75,0.98,'2025-03-16 23:20:00',5.71,59.74),(575,2,220.54,5.47,1215.07,1.01,'2025-03-16 23:25:00',5.638,59.61),(576,2,220.17,5.25,1260.82,0.97,'2025-03-16 23:30:00',5.805,59.89),(577,2,220.81,5.72,1121.23,1.00,'2025-03-16 23:35:00',5.723,60.09),(578,2,220.40,5.81,1227.05,0.98,'2025-03-16 23:40:00',5.679,60),(579,2,220.37,5.26,1242.74,0.98,'2025-03-16 23:45:00',5.736,59.99),(580,2,220.60,5.13,1210.14,0.96,'2025-03-16 23:50:00',5.711,59.82),(581,2,220.76,5.58,1211.18,0.94,'2025-03-16 23:55:00',5.64,60.06),(582,2,219.70,5.08,1247.14,0.95,'2025-03-17 00:00:00',5.705,60.01),(583,2,220.37,5.06,1190.37,0.98,'2025-03-17 00:05:00',5.653,59.91),(584,2,221.04,5.35,1125.12,1.01,'2025-03-17 00:10:00',5.754,59.85),(585,2,220.24,5.30,1309.20,0.98,'2025-03-17 00:15:00',5.622,60.13),(586,2,219.72,5.43,1186.55,0.97,'2025-03-17 00:20:00',5.672,59.92),(587,2,220.79,5.27,1248.08,0.99,'2025-03-17 00:25:00',5.768,59.82),(588,2,220.30,5.42,1217.50,0.98,'2025-03-17 00:30:00',5.635,59.8),(589,2,220.29,5.27,1142.71,0.98,'2025-03-17 00:35:00',5.782,59.62),(590,2,220.58,5.23,1063.34,0.94,'2025-03-17 00:40:00',5.686,59.97),(591,2,220.31,5.24,1140.72,0.96,'2025-03-17 00:45:00',5.667,59.82),(592,2,220.92,5.77,1157.24,0.99,'2025-03-17 00:50:00',5.76,60.23),(593,2,220.17,5.55,1233.85,0.97,'2025-03-17 00:55:00',5.725,59.89),(594,2,220.30,5.37,1224.53,0.96,'2025-03-17 01:00:00',5.727,60.01),(595,2,221.06,5.45,1265.08,0.95,'2025-03-17 01:05:00',5.709,60.05),(596,2,220.06,5.51,1323.00,0.96,'2025-03-17 01:10:00',5.673,60.06),(597,2,220.17,5.36,1213.17,0.98,'2025-03-17 01:15:00',5.607,59.85),(598,2,220.34,5.58,1200.70,0.98,'2025-03-17 01:20:00',5.741,60.21),(599,2,220.07,5.32,1211.06,0.96,'2025-03-17 01:25:00',5.671,59.85),(600,2,220.58,5.41,1227.16,0.96,'2025-03-17 01:30:00',5.638,60.02),(601,2,220.23,5.36,1201.72,0.99,'2025-03-17 01:35:00',5.689,59.92),(602,2,220.52,5.21,1204.57,0.97,'2025-03-17 01:40:00',5.648,60.16),(603,2,220.88,5.28,1141.47,0.96,'2025-03-17 01:45:00',5.692,59.96),(604,2,220.24,5.46,1214.59,0.99,'2025-03-17 01:50:00',5.679,60.28),(605,2,220.81,5.48,1253.43,0.95,'2025-03-17 01:55:00',5.769,59.77),(606,2,220.32,5.36,1187.06,0.98,'2025-03-17 02:00:00',5.747,59.98),(607,2,220.42,5.47,1145.81,0.99,'2025-03-17 02:05:00',5.619,59.77),(608,2,220.91,5.18,1180.95,0.94,'2025-03-17 02:10:00',5.717,60.21),(609,2,220.14,5.40,1188.26,0.96,'2025-03-17 02:15:00',5.68,60.17),(610,2,220.25,5.07,1206.66,0.99,'2025-03-17 02:20:00',5.728,59.97),(611,2,221.40,5.24,1192.02,0.96,'2025-03-17 02:25:00',5.692,59.9),(612,2,220.57,4.91,1269.24,0.96,'2025-03-17 02:30:00',5.736,60.07),(613,2,220.56,5.76,1182.41,0.99,'2025-03-17 02:35:00',5.719,59.91),(614,2,219.86,5.51,1179.96,0.95,'2025-03-17 02:40:00',5.696,60),(615,2,220.09,5.31,1215.88,0.97,'2025-03-17 02:45:00',5.69,60.34),(616,2,220.99,5.36,1137.01,0.99,'2025-03-17 02:50:00',5.663,59.71),(617,2,220.90,5.52,1263.59,0.95,'2025-03-17 02:55:00',5.732,59.8),(618,2,219.83,5.40,1200.56,0.99,'2025-03-17 03:00:00',5.703,59.97),(619,2,219.98,5.23,1178.89,0.99,'2025-03-17 03:05:00',5.588,59.87),(620,2,220.31,5.29,1292.90,0.96,'2025-03-17 03:10:00',5.671,59.67),(621,2,221.39,4.99,1220.12,0.97,'2025-03-17 03:15:00',5.694,60.04),(622,2,220.42,5.14,1202.59,0.93,'2025-03-17 03:20:00',5.681,59.98),(623,2,221.19,5.34,1229.95,0.96,'2025-03-17 03:25:00',5.771,59.53),(624,2,219.24,5.32,1139.72,0.98,'2025-03-17 03:30:00',5.643,59.97),(625,2,219.54,5.58,1202.45,0.95,'2025-03-17 03:35:00',5.733,59.87),(626,2,220.84,5.58,1211.73,0.99,'2025-03-17 03:40:00',5.768,60.2),(627,2,220.88,5.39,1152.72,0.95,'2025-03-17 03:45:00',5.716,60.32),(628,2,221.25,5.48,1238.24,0.99,'2025-03-17 03:50:00',5.753,59.85),(629,2,220.37,5.43,1174.57,1.00,'2025-03-17 03:55:00',5.713,59.75),(630,2,220.90,5.49,1215.09,0.92,'2025-03-17 04:00:00',5.707,59.95),(631,2,220.63,5.53,1273.13,0.97,'2025-03-17 04:05:00',5.714,59.94),(632,2,219.61,5.35,1235.73,0.96,'2025-03-17 04:10:00',5.672,59.93),(633,2,220.82,5.25,1201.33,1.00,'2025-03-17 04:15:00',5.713,60.08),(634,2,220.66,5.47,1289.60,0.97,'2025-03-17 04:20:00',5.685,60.23),(635,2,220.61,5.81,1187.99,0.96,'2025-03-17 04:25:00',5.7,59.72),(636,2,220.16,5.68,1225.45,0.96,'2025-03-17 04:30:00',5.733,60.02),(637,2,220.76,5.44,1157.07,0.97,'2025-03-17 04:35:00',5.658,60.19),(638,2,220.05,5.69,1185.79,0.95,'2025-03-17 04:40:00',5.598,60.05),(639,2,220.93,5.09,1187.31,0.95,'2025-03-17 04:45:00',5.776,60.1),(640,2,220.44,5.03,1264.82,0.97,'2025-03-17 04:50:00',5.647,60.32),(641,2,219.86,5.49,1278.67,0.98,'2025-03-17 04:55:00',5.618,59.94),(642,2,220.26,5.21,1171.27,0.97,'2025-03-17 05:00:00',5.647,59.74),(643,2,220.75,5.54,1094.27,0.97,'2025-03-17 05:05:00',5.682,60.14),(644,2,220.59,5.25,1238.23,0.98,'2025-03-17 05:10:00',5.724,59.86),(645,2,219.31,5.54,1158.69,0.98,'2025-03-17 05:15:00',5.775,60.39),(646,2,219.84,5.04,1129.36,0.98,'2025-03-17 05:20:00',5.734,60.13),(647,2,220.55,5.74,1182.37,0.96,'2025-03-17 05:25:00',5.712,59.7),(648,2,220.80,5.31,1201.77,0.97,'2025-03-17 05:30:00',5.61,60.18),(649,2,220.54,5.80,1221.60,0.98,'2025-03-17 05:35:00',5.707,60.42),(650,2,219.76,5.41,1219.04,0.95,'2025-03-17 05:40:00',5.719,59.9),(651,2,220.27,5.63,1191.91,0.96,'2025-03-17 05:45:00',5.718,59.73),(652,2,220.36,5.29,1185.49,0.97,'2025-03-17 05:50:00',5.788,59.61),(653,2,219.68,5.37,1168.09,0.93,'2025-03-17 05:55:00',5.79,60),(654,2,220.63,5.32,1182.19,0.96,'2025-03-17 06:00:00',5.774,59.98),(655,2,220.22,5.36,1183.33,0.93,'2025-03-17 06:05:00',5.684,59.55),(656,2,219.74,4.92,1183.71,0.93,'2025-03-17 06:10:00',5.633,60.23),(657,2,220.86,5.23,1253.83,0.93,'2025-03-17 06:15:00',5.773,60.21),(658,2,220.62,5.28,1119.09,0.98,'2025-03-17 06:20:00',5.654,60),(659,2,219.93,5.12,1235.40,0.97,'2025-03-17 06:25:00',5.645,60.08),(660,2,219.77,5.68,1232.77,0.98,'2025-03-17 06:30:00',5.702,59.77),(661,2,219.82,5.39,1079.93,0.94,'2025-03-17 06:35:00',5.721,59.88),(662,2,220.49,5.54,1224.10,0.94,'2025-03-17 06:40:00',5.72,59.93),(663,2,219.51,5.83,1138.89,1.00,'2025-03-17 06:45:00',5.69,60.27),(664,2,220.78,5.64,1225.09,0.98,'2025-03-17 06:50:00',5.646,59.82),(665,2,219.85,5.48,1281.02,0.97,'2025-03-17 06:55:00',5.731,60.05),(666,2,220.35,5.69,1178.17,0.96,'2025-03-17 07:00:00',5.732,59.83),(667,2,220.17,5.34,1129.06,0.95,'2025-03-17 07:05:00',5.749,60.12),(668,2,221.05,5.19,1198.77,1.02,'2025-03-17 07:10:00',5.733,60.02),(669,2,220.27,5.45,1177.48,0.99,'2025-03-17 07:15:00',5.682,59.88),(670,2,221.48,5.67,1229.22,0.97,'2025-03-17 07:20:00',5.702,60.4),(671,2,220.66,4.99,1203.94,0.98,'2025-03-17 07:25:00',5.58,60.17),(672,2,221.51,5.38,1126.11,1.02,'2025-03-17 07:30:00',5.667,60.12),(673,2,219.66,5.56,1230.91,0.97,'2025-03-17 07:35:00',5.817,59.69),(674,2,220.54,5.63,1162.69,0.96,'2025-03-17 07:40:00',5.67,60.35),(675,2,221.22,5.70,1191.75,0.96,'2025-03-17 07:45:00',5.692,59.99),(676,2,220.55,5.38,1188.14,0.95,'2025-03-17 07:50:00',5.681,60),(677,2,220.25,5.53,1077.28,0.99,'2025-03-17 07:55:00',5.736,60.34),(678,2,220.07,5.04,1210.72,0.98,'2025-03-17 08:00:00',5.707,59.62),(679,2,220.84,4.94,1212.68,0.97,'2025-03-17 08:05:00',5.677,60.02),(680,2,221.07,5.13,1186.08,0.92,'2025-03-17 08:10:00',5.68,59.98),(681,2,220.80,5.25,1189.04,0.99,'2025-03-17 08:15:00',5.668,59.88),(682,2,219.75,5.45,1208.39,0.99,'2025-03-17 08:20:00',5.773,59.96),(683,2,220.20,5.26,1235.59,0.95,'2025-03-17 08:25:00',5.659,60.18),(684,2,220.02,5.03,1189.17,1.00,'2025-03-17 08:30:00',5.667,59.69),(685,2,220.32,5.64,1159.52,0.99,'2025-03-17 08:35:00',5.737,59.6),(686,2,219.57,5.17,1150.83,0.99,'2025-03-17 08:40:00',5.609,60.03),(687,2,220.90,5.72,1131.39,0.99,'2025-03-17 08:45:00',5.729,59.81),(688,2,220.99,4.99,1179.15,0.97,'2025-03-17 08:50:00',5.75,59.85),(689,2,221.13,5.54,1285.46,0.96,'2025-03-17 08:55:00',5.704,60.01),(690,2,220.79,5.29,1209.88,0.97,'2025-03-17 09:00:00',5.61,60.16),(691,2,220.30,5.64,1238.60,0.95,'2025-03-17 09:05:00',5.788,59.95),(692,2,221.03,5.50,1202.52,0.99,'2025-03-17 09:10:00',5.703,59.71),(693,2,220.03,5.52,1217.06,0.96,'2025-03-17 09:15:00',5.826,59.97),(694,2,221.69,5.59,1300.99,0.98,'2025-03-17 09:20:00',5.691,60.5),(695,2,220.68,5.31,1215.07,0.98,'2025-03-17 09:25:00',5.691,60.04),(696,2,220.60,5.15,1155.51,0.97,'2025-03-17 09:30:00',5.725,59.89),(697,2,221.31,5.82,1211.44,0.97,'2025-03-17 09:35:00',5.797,60.25),(698,2,221.07,5.13,1320.21,0.99,'2025-03-17 09:40:00',5.781,59.78),(699,2,221.62,5.76,1208.99,1.03,'2025-03-17 09:45:00',5.66,60.08),(700,2,219.73,5.30,1275.40,0.95,'2025-03-17 09:50:00',5.76,59.88),(701,2,220.55,5.37,1227.52,0.95,'2025-03-17 09:55:00',5.654,60.15),(702,2,220.27,5.11,1189.84,0.99,'2025-03-17 10:00:00',5.565,59.63),(703,2,220.67,5.40,1279.94,0.96,'2025-03-17 10:05:00',5.708,59.98),(704,2,221.06,5.15,1238.82,0.95,'2025-03-17 10:10:00',5.685,60.05),(705,2,221.48,5.33,1190.85,0.99,'2025-03-17 10:15:00',5.725,59.73),(706,2,220.76,5.39,1262.61,0.97,'2025-03-17 10:20:00',5.672,59.69),(707,2,219.74,5.37,1231.56,1.01,'2025-03-17 10:25:00',5.631,60.32),(708,2,221.99,5.82,1134.94,0.97,'2025-03-17 10:30:00',5.603,60.41),(709,2,220.02,5.57,1133.10,0.97,'2025-03-17 10:35:00',5.645,60.26),(710,2,220.23,5.19,1210.13,0.98,'2025-03-17 10:40:00',5.799,59.96),(711,2,220.19,5.33,1226.52,0.97,'2025-03-17 10:45:00',5.735,59.8),(712,2,220.18,5.38,1231.76,0.96,'2025-03-17 10:50:00',5.64,60.1),(713,2,220.79,5.46,1186.90,1.00,'2025-03-17 10:55:00',5.73,59.95),(714,2,220.06,5.49,1194.44,0.99,'2025-03-17 11:00:00',5.692,60.04),(715,2,219.55,5.46,1193.28,0.96,'2025-03-17 11:05:00',5.671,59.82),(716,2,221.59,5.88,1189.37,1.00,'2025-03-17 11:10:00',5.726,60.12),(717,2,220.79,5.45,1210.90,0.99,'2025-03-17 11:15:00',5.643,59.82),(718,2,220.75,5.23,1253.51,0.95,'2025-03-17 11:20:00',5.729,60.4),(719,2,219.95,5.49,1132.64,0.95,'2025-03-17 11:25:00',5.714,60.14),(720,2,220.58,5.15,1137.52,0.97,'2025-03-17 11:30:00',5.751,60.3),(721,2,220.35,5.50,1173.28,0.95,'2025-03-17 11:35:00',5.756,59.73),(722,2,220.13,5.46,1206.98,0.98,'2025-03-17 11:40:00',5.637,59.91),(723,2,219.86,5.08,1208.72,0.97,'2025-03-17 11:45:00',5.662,60.04),(724,2,220.73,5.11,1290.53,0.97,'2025-03-17 11:50:00',5.677,60.14),(725,2,220.39,4.97,1172.98,0.96,'2025-03-17 11:55:00',5.711,60.01),(726,2,220.20,5.53,1130.16,0.97,'2025-03-17 12:00:00',5.626,59.78),(727,2,220.70,4.88,1181.98,0.93,'2025-03-17 12:05:00',5.662,59.72),(728,2,220.65,5.17,1221.01,0.97,'2025-03-17 12:10:00',5.639,60.05),(729,2,220.60,5.53,1251.78,0.96,'2025-03-17 12:15:00',5.606,60.12),(730,2,220.71,5.15,1161.73,0.99,'2025-03-17 12:20:00',5.742,59.94),(731,2,221.48,5.09,1241.15,0.98,'2025-03-17 12:25:00',5.666,60.14),(732,2,220.20,5.20,1240.21,0.95,'2025-03-17 12:30:00',5.769,60.32),(733,2,220.42,5.61,1145.49,0.97,'2025-03-17 12:35:00',5.674,59.79),(734,2,220.09,5.54,1117.97,0.97,'2025-03-17 12:40:00',5.757,59.92),(735,2,219.88,5.47,1204.02,0.95,'2025-03-17 12:45:00',5.669,60.25),(736,2,221.78,5.38,1161.74,0.98,'2025-03-17 12:50:00',5.643,60.06),(737,2,219.94,5.01,1271.64,0.95,'2025-03-17 12:55:00',5.694,60.29),(738,2,220.54,5.40,1251.37,0.95,'2025-03-17 13:00:00',5.695,59.95),(739,2,219.70,5.43,1178.51,0.99,'2025-03-17 13:05:00',5.699,60.25),(740,2,220.27,5.45,1195.73,0.99,'2025-03-17 13:10:00',5.665,59.98),(741,2,219.87,5.18,1185.88,0.93,'2025-03-17 13:15:00',5.72,59.96),(742,2,221.00,5.66,1232.42,0.98,'2025-03-17 13:20:00',5.709,60.04),(743,2,220.14,5.32,1248.88,0.95,'2025-03-17 13:25:00',5.746,59.94),(744,2,220.69,5.11,1236.52,0.98,'2025-03-17 13:30:00',5.692,59.32),(745,2,220.30,5.32,1155.09,0.97,'2025-03-17 13:35:00',5.633,59.68),(746,2,220.33,5.30,1270.67,0.99,'2025-03-17 13:40:00',5.604,60.04),(747,2,220.12,5.24,1251.26,0.97,'2025-03-17 13:45:00',5.653,60.04),(748,2,220.27,5.09,1221.96,0.94,'2025-03-17 13:50:00',5.675,59.98),(749,2,220.57,5.51,1144.08,0.92,'2025-03-17 13:55:00',5.743,59.77),(750,2,221.13,5.21,1227.77,0.98,'2025-03-17 14:00:00',5.639,60.04),(751,2,220.40,5.68,1239.84,0.98,'2025-03-17 14:05:00',5.786,59.82),(752,2,220.26,5.33,1172.92,0.95,'2025-03-17 14:10:00',5.691,60.2),(753,2,220.11,5.32,1287.02,0.99,'2025-03-17 14:15:00',5.646,59.68),(754,2,220.22,5.15,1226.74,0.98,'2025-03-17 14:20:00',5.698,60.24),(755,2,221.06,5.36,1287.48,0.97,'2025-03-17 14:25:00',5.795,59.96),(756,2,220.59,5.79,1157.05,0.99,'2025-03-17 14:30:00',5.72,60.08),(757,2,219.90,5.48,1250.45,1.00,'2025-03-17 14:35:00',5.775,59.91),(758,2,220.15,5.10,1231.02,0.98,'2025-03-17 14:40:00',5.699,60.05),(759,2,219.21,5.32,1294.00,0.99,'2025-03-17 14:45:00',5.622,60.47),(760,2,220.23,5.31,1252.41,0.97,'2025-03-17 14:50:00',5.746,59.94),(761,2,220.96,5.33,1151.89,0.97,'2025-03-17 14:55:00',5.763,59.98),(762,2,221.26,5.26,1144.08,0.98,'2025-03-17 15:00:00',5.75,59.98),(763,2,220.54,5.21,1214.55,0.94,'2025-03-17 15:05:00',5.67,60.42),(764,2,221.58,5.28,1183.64,1.00,'2025-03-17 15:10:00',5.65,59.85),(765,2,220.55,5.08,1117.04,0.94,'2025-03-17 15:15:00',5.65,59.99),(766,2,219.99,5.68,1163.99,0.99,'2025-03-17 15:20:00',5.677,59.95),(767,2,220.71,5.49,1134.26,1.02,'2025-03-17 15:25:00',5.758,59.83),(768,2,220.71,5.53,1324.97,0.99,'2025-03-17 15:30:00',5.712,59.75),(769,2,221.72,5.41,1099.19,1.00,'2025-03-17 15:35:00',5.728,60.18),(770,2,220.38,5.57,1216.61,0.95,'2025-03-17 15:40:00',5.682,59.94),(771,2,220.68,5.05,1084.17,1.01,'2025-03-17 15:45:00',5.667,59.84),(772,2,220.50,5.38,1194.61,0.96,'2025-03-17 15:50:00',5.649,59.53),(773,2,219.88,5.11,1223.20,0.98,'2025-03-17 15:55:00',5.683,59.75),(774,2,219.96,5.48,1153.32,0.95,'2025-03-17 16:00:00',5.659,60.11),(775,2,220.70,5.44,1160.82,0.99,'2025-03-17 16:05:00',5.69,59.91),(776,2,220.39,5.39,1256.86,0.96,'2025-03-17 16:10:00',5.74,59.96),(777,2,220.22,5.53,1219.98,0.97,'2025-03-17 16:15:00',5.722,60.18),(778,2,220.39,5.35,1258.57,0.99,'2025-03-17 16:20:00',5.739,59.77),(779,2,220.40,5.41,1248.35,0.99,'2025-03-17 16:25:00',5.592,59.91),(780,2,220.80,5.64,1264.37,0.96,'2025-03-17 16:30:00',5.658,60.34),(781,2,220.87,5.29,1193.73,0.96,'2025-03-17 16:35:00',5.713,59.59),(782,2,219.60,5.72,1179.21,0.95,'2025-03-17 16:40:00',5.596,60.06),(783,2,219.78,5.56,1185.61,0.99,'2025-03-17 16:45:00',5.763,60.16),(784,2,220.68,5.59,1155.59,0.97,'2025-03-17 16:50:00',5.706,60.17),(785,2,220.34,5.49,1254.58,0.95,'2025-03-17 16:55:00',5.819,60.09),(786,2,220.32,5.38,1234.99,0.98,'2025-03-17 17:00:00',5.75,60.01),(787,2,221.60,5.34,1237.26,0.95,'2025-03-17 17:05:00',5.698,60.01),(788,2,221.13,4.96,1210.86,1.03,'2025-03-17 17:10:00',5.658,59.74),(789,2,220.49,5.47,1168.11,0.94,'2025-03-17 17:15:00',5.691,60.24),(790,2,220.16,5.33,1214.05,0.97,'2025-03-17 17:20:00',5.802,59.98),(791,2,221.02,5.41,1183.66,1.01,'2025-03-17 17:25:00',5.715,59.79),(792,2,221.13,5.48,1185.74,0.96,'2025-03-17 17:30:00',5.706,59.86),(793,2,221.75,5.52,1154.31,0.96,'2025-03-17 17:35:00',5.612,59.99),(794,2,220.24,5.54,1274.19,0.96,'2025-03-17 17:40:00',5.637,60.05),(795,2,219.54,5.28,1174.64,0.98,'2025-03-17 17:45:00',5.694,60.13),(796,2,219.87,5.27,1157.91,0.95,'2025-03-17 17:50:00',5.554,59.95),(797,2,220.15,5.47,1240.50,0.96,'2025-03-17 17:55:00',5.739,60.23),(798,2,220.51,5.53,1186.54,1.00,'2025-03-17 18:00:00',5.758,59.91),(799,2,220.77,5.51,1192.46,0.94,'2025-03-17 18:05:00',5.634,60.27),(800,2,220.85,5.04,1139.76,1.00,'2025-03-17 18:10:00',5.737,59.71),(801,2,219.92,5.20,1237.95,0.98,'2025-03-17 18:15:00',5.671,60.15),(802,2,219.78,5.56,1169.23,0.93,'2025-03-17 18:20:00',5.731,60.32),(803,2,221.16,5.66,1175.86,0.97,'2025-03-17 18:25:00',5.714,60.2),(804,2,220.19,5.49,1167.59,1.01,'2025-03-17 18:30:00',5.661,59.88),(805,2,220.79,5.19,1271.59,0.96,'2025-03-17 18:35:00',5.769,59.64),(806,2,220.34,5.33,1137.30,0.99,'2025-03-17 18:40:00',5.707,59.82),(807,2,220.96,5.02,1202.61,0.98,'2025-03-17 18:45:00',5.699,59.68),(808,2,220.73,5.44,1181.94,0.97,'2025-03-17 18:50:00',5.685,59.61),(809,2,220.13,5.66,1258.82,0.96,'2025-03-17 18:55:00',5.7,59.99),(810,2,220.13,5.37,1273.15,0.95,'2025-03-17 19:00:00',5.601,60.12),(811,2,219.84,5.25,1142.90,0.95,'2025-03-17 19:05:00',5.791,59.96),(812,2,221.00,5.24,1229.10,1.00,'2025-03-17 19:10:00',5.609,59.74),(813,2,220.09,5.21,1223.27,0.98,'2025-03-17 19:15:00',5.737,60.06),(814,2,220.25,5.27,1141.23,0.95,'2025-03-17 19:20:00',5.644,60.12),(815,2,220.64,5.32,1235.29,0.94,'2025-03-17 19:25:00',5.737,59.82),(816,2,220.43,5.52,1192.37,0.93,'2025-03-17 19:30:00',5.605,59.98),(817,2,220.27,5.46,1221.87,0.95,'2025-03-17 19:35:00',5.688,60.07),(818,2,220.25,5.69,1178.41,1.00,'2025-03-17 19:40:00',5.702,59.97),(819,2,220.31,5.54,1124.23,0.94,'2025-03-17 19:45:00',5.703,60.18),(820,2,220.61,5.52,1276.31,0.98,'2025-03-17 19:50:00',5.659,60.16),(821,2,220.94,5.28,1229.56,0.98,'2025-03-17 19:55:00',5.61,59.92),(822,2,220.61,5.56,1165.76,0.99,'2025-03-17 20:00:00',5.715,59.89),(823,2,219.90,5.36,1297.85,0.94,'2025-03-17 20:05:00',5.693,60.13),(824,2,220.30,4.99,1248.33,0.99,'2025-03-17 20:10:00',5.7,60.26),(825,2,219.97,5.40,1225.27,0.97,'2025-03-17 20:15:00',5.737,59.55),(826,2,220.48,5.26,1168.00,0.98,'2025-03-17 20:20:00',5.66,60.19),(827,2,220.62,5.26,1153.15,0.97,'2025-03-17 20:25:00',5.683,60.39),(828,2,220.27,5.65,1180.68,1.00,'2025-03-17 20:30:00',5.698,60.14),(829,2,220.71,5.43,1190.74,0.94,'2025-03-17 20:35:00',5.728,60.16),(830,2,220.39,5.44,1200.22,0.95,'2025-03-17 20:40:00',5.732,60.16),(831,2,220.63,5.29,1322.23,0.96,'2025-03-17 20:45:00',5.627,60.13),(832,2,221.33,5.55,1263.66,0.98,'2025-03-17 20:50:00',5.668,60.1),(833,2,220.73,5.35,1186.45,0.97,'2025-03-17 20:55:00',5.683,59.9),(834,2,220.34,5.12,1179.08,0.94,'2025-03-17 21:00:00',5.669,59.79),(835,2,220.40,5.38,1171.52,0.97,'2025-03-17 21:05:00',5.682,60.09),(836,2,220.42,5.34,1185.94,0.97,'2025-03-17 21:10:00',5.707,60.14),(837,2,219.89,5.37,1200.26,0.95,'2025-03-17 21:15:00',5.685,59.94),(838,2,220.76,5.56,1165.96,0.95,'2025-03-17 21:20:00',5.71,60.18),(839,2,219.98,5.64,1219.18,1.00,'2025-03-17 21:25:00',5.523,60.43),(840,2,220.51,5.34,1192.03,0.94,'2025-03-17 21:30:00',5.705,59.93),(841,2,220.24,5.67,1100.56,0.97,'2025-03-17 21:35:00',5.724,60.13),(842,2,220.56,5.37,1264.99,0.99,'2025-03-17 21:40:00',5.726,59.83),(843,2,220.57,5.63,1172.77,0.97,'2025-03-17 21:45:00',5.707,60.08),(844,2,221.28,5.33,1222.15,0.97,'2025-03-17 21:50:00',5.656,60.07),(845,2,220.58,5.33,1172.67,0.93,'2025-03-17 21:55:00',5.755,59.85),(846,2,220.45,5.48,1250.11,0.96,'2025-03-17 22:00:00',5.686,59.93),(847,2,220.71,5.66,1171.75,0.98,'2025-03-17 22:05:00',5.705,59.98),(848,2,220.56,5.46,1118.35,0.98,'2025-03-17 22:10:00',5.661,60.25),(849,2,220.44,5.40,1165.61,0.95,'2025-03-17 22:15:00',5.67,60.22),(850,2,221.75,4.92,1144.76,1.02,'2025-03-17 22:20:00',5.744,60.11),(851,2,220.61,5.69,1154.00,0.99,'2025-03-17 22:25:00',5.768,60.1),(852,2,220.38,5.22,1187.10,0.98,'2025-03-17 22:30:00',5.677,59.97),(853,2,220.74,5.23,1174.92,0.96,'2025-03-17 22:35:00',5.641,60.05),(854,2,219.45,5.32,1146.31,0.97,'2025-03-17 22:40:00',5.71,60.2),(855,2,220.50,5.30,1306.24,0.98,'2025-03-17 22:45:00',5.727,59.81),(856,2,220.55,5.43,1257.18,0.97,'2025-03-17 22:50:00',5.671,59.79),(857,2,220.95,5.29,1291.65,0.99,'2025-03-17 22:55:00',5.673,60.36),(858,2,220.86,5.42,1233.83,0.99,'2025-03-17 23:00:00',5.664,59.84),(859,2,220.80,5.31,1313.49,0.95,'2025-03-17 23:05:00',5.689,59.91),(860,2,219.75,5.39,1228.79,0.97,'2025-03-17 23:10:00',5.658,59.95),(861,2,219.91,5.44,1131.20,0.93,'2025-03-17 23:15:00',5.745,59.69),(862,2,219.97,5.34,1204.26,0.98,'2025-03-17 23:20:00',5.665,60.09),(863,2,220.99,5.26,1199.47,0.98,'2025-03-17 23:25:00',5.697,60.1),(864,2,220.61,5.13,1183.16,0.94,'2025-03-17 23:30:00',5.664,60.11),(865,2,219.73,5.12,1211.08,0.97,'2025-03-17 23:35:00',5.69,60.16),(866,2,220.12,5.52,1206.57,0.96,'2025-03-17 23:40:00',5.701,59.99),(867,2,219.96,5.41,1158.95,0.97,'2025-03-17 23:45:00',5.68,60.16),(868,2,220.97,5.20,1181.44,0.95,'2025-03-17 23:50:00',5.686,60.1),(869,2,220.84,5.52,1177.36,0.96,'2025-03-17 23:55:00',5.703,59.92);
/*!40000 ALTER TABLE `mediciones` ENABLE KEYS */;
UNLOCK TABLES;

--
-- Table structure for table `proveedores`
--

DROP TABLE IF EXISTS `proveedores`;
/*!40101 SET @saved_cs_client     = @@character_set_client */;
/*!50503 SET character_set_client = utf8mb4 */;
CREATE TABLE `proveedores` (
  `id` int NOT NULL AUTO_INCREMENT,
  `nombre` varchar(100) COLLATE utf8mb4_general_ci NOT NULL,
  `tarifas` decimal(8,2) NOT NULL,
  PRIMARY KEY (`id`)
) ENGINE=InnoDB AUTO_INCREMENT=4 DEFAULT CHARSET=utf8mb4 COLLATE=utf8mb4_general_ci;
/*!40101 SET character_set_client = @saved_cs_client */;

--
-- Dumping data for table `proveedores`
--

LOCK TABLES `proveedores` WRITE;
/*!40000 ALTER TABLE `proveedores` DISABLE KEYS */;
INSERT INTO `proveedores` VALUES (1,'CFE',3.50);
/*!40000 ALTER TABLE `proveedores` ENABLE KEYS */;
UNLOCK TABLES;

--
-- Table structure for table `recuperacion_passwords`
--

DROP TABLE IF EXISTS `recuperacion_passwords`;
/*!40101 SET @saved_cs_client     = @@character_set_client */;
/*!50503 SET character_set_client = utf8mb4 */;
CREATE TABLE `recuperacion_passwords` (
  `id` int NOT NULL AUTO_INCREMENT,
  `usuario_id` int NOT NULL,
  `token` varchar(255) COLLATE utf8mb4_general_ci NOT NULL,
  `fecha_expiracion` datetime NOT NULL,
  `creado_en` timestamp NOT NULL DEFAULT CURRENT_TIMESTAMP,
  PRIMARY KEY (`id`),
  UNIQUE KEY `token_unique` (`token`),
  KEY `usuario_id` (`usuario_id`),
  CONSTRAINT `recuperacion_passwords_ibfk_1` FOREIGN KEY (`usuario_id`) REFERENCES `usuarios` (`id`) ON DELETE CASCADE
) ENGINE=InnoDB AUTO_INCREMENT=12 DEFAULT CHARSET=utf8mb4 COLLATE=utf8mb4_general_ci;
/*!40101 SET character_set_client = @saved_cs_client */;

--
-- Dumping data for table `recuperacion_passwords`
--

LOCK TABLES `recuperacion_passwords` WRITE;
/*!40000 ALTER TABLE `recuperacion_passwords` DISABLE KEYS */;
/*!40000 ALTER TABLE `recuperacion_passwords` ENABLE KEYS */;
UNLOCK TABLES;

--
-- Table structure for table `reportes`
--

DROP TABLE IF EXISTS `reportes`;
/*!40101 SET @saved_cs_client     = @@character_set_client */;
/*!50503 SET character_set_client = utf8mb4 */;
CREATE TABLE `reportes` (
  `id` int NOT NULL AUTO_INCREMENT,
  `usuario_id` int NOT NULL,
  `tipo_reporte` enum('Diario','Semanal','Mensual') COLLATE utf8mb4_general_ci DEFAULT NULL,
  `fecha_generacion` timestamp NOT NULL DEFAULT CURRENT_TIMESTAMP,
  `datos` blob NOT NULL,
  PRIMARY KEY (`id`),
  KEY `usuario_id` (`usuario_id`),
  CONSTRAINT `reportes_ibfk_1` FOREIGN KEY (`usuario_id`) REFERENCES `usuarios` (`id`) ON DELETE CASCADE
) ENGINE=InnoDB AUTO_INCREMENT=6 DEFAULT CHARSET=utf8mb4 COLLATE=utf8mb4_general_ci;
/*!40101 SET character_set_client = @saved_cs_client */;

--
-- Dumping data for table `reportes`
--

LOCK TABLES `reportes` WRITE;
/*!40000 ALTER TABLE `reportes` DISABLE KEYS */;
INSERT INTO `reportes` VALUES (2,2,'Semanal','2025-03-18 22:32:42',_binary 'Reporte de consumo semanal'),(3,3,'Mensual','2025-03-18 22:32:42',_binary 'Reporte de consumo mensual'),(4,4,'Diario','2025-03-18 22:32:42',_binary 'Reporte de consumo del día'),(5,5,'Semanal','2025-03-18 22:32:42',_binary 'Reporte de consumo semanal');
/*!40000 ALTER TABLE `reportes` ENABLE KEYS */;
UNLOCK TABLES;

--
-- Table structure for table `sensores`
--

DROP TABLE IF EXISTS `sensores`;
/*!40101 SET @saved_cs_client     = @@character_set_client */;
/*!50503 SET character_set_client = utf8mb4 */;
CREATE TABLE `sensores` (
  `id` int NOT NULL AUTO_INCREMENT,
  `dispositivo_id` int NOT NULL,
  `tipo` varchar(50) COLLATE utf8mb4_general_ci NOT NULL,
  `mac_address` varchar(50) COLLATE utf8mb4_general_ci NOT NULL,
  `fecha_instalacion` timestamp NOT NULL DEFAULT CURRENT_TIMESTAMP,
  PRIMARY KEY (`id`),
  UNIQUE KEY `mac_address` (`mac_address`),
  KEY `dispositivo_id` (`dispositivo_id`),
  CONSTRAINT `sensores_ibfk_1` FOREIGN KEY (`dispositivo_id`) REFERENCES `dispositivos` (`id`) ON DELETE CASCADE
) ENGINE=InnoDB AUTO_INCREMENT=11 DEFAULT CHARSET=utf8mb4 COLLATE=utf8mb4_general_ci;
/*!40101 SET character_set_client = @saved_cs_client */;

--
-- Dumping data for table `sensores`
--

LOCK TABLES `sensores` WRITE;
/*!40000 ALTER TABLE `sensores` DISABLE KEYS */;
INSERT INTO `sensores` VALUES (2,2,'Corriente','00:14:22:01:34:57','2025-03-18 22:31:41'),(3,3,'Potencia','00:14:22:01:34:58','2025-03-18 22:31:41'),(4,4,'Factor de Potencia','00:14:22:01:34:59','2025-03-18 22:31:41'),(5,5,'Voltaje','00:14:22:01:34:60','2025-03-18 22:31:41');
/*!40000 ALTER TABLE `sensores` ENABLE KEYS */;
UNLOCK TABLES;

--
-- Table structure for table `usuarios`
--

DROP TABLE IF EXISTS `usuarios`;
/*!40101 SET @saved_cs_client     = @@character_set_client */;
/*!50503 SET character_set_client = utf8mb4 */;
CREATE TABLE `usuarios` (
  `id` int NOT NULL AUTO_INCREMENT,
  `nombre` varchar(100) COLLATE utf8mb4_general_ci NOT NULL,
  `correo` varchar(100) COLLATE utf8mb4_general_ci NOT NULL,
  `contraseña` varchar(255) COLLATE utf8mb4_general_ci NOT NULL,
  `id_proveedor` int DEFAULT NULL,
  `fecha_registro` timestamp NOT NULL DEFAULT CURRENT_TIMESTAMP,
  PRIMARY KEY (`id`),
  UNIQUE KEY `correo` (`correo`),
  KEY `id_proveedor` (`id_proveedor`),
  CONSTRAINT `usuarios_ibfk_1` FOREIGN KEY (`id_proveedor`) REFERENCES `proveedores` (`id`) ON DELETE SET NULL
) ENGINE=InnoDB AUTO_INCREMENT=20 DEFAULT CHARSET=utf8mb4 COLLATE=utf8mb4_general_ci;
/*!40101 SET character_set_client = @saved_cs_client */;

--
-- Dumping data for table `usuarios`
--

LOCK TABLES `usuarios` WRITE;
/*!40000 ALTER TABLE `usuarios` DISABLE KEYS */;
INSERT INTO `usuarios` VALUES (1,'julio','admin@uv.mx','$2b$08$R9b7P530IzB1vaL38xH04u6txDBNfGSMDMYwIHt.ooESXN1/nJy.y',NULL,'2025-03-27 05:21:15'),(2,'Ana López','ana.lopez@email.com','contraseña123',1,'2025-03-18 22:26:18'),(3,'Carlos Sánchez','carlos.sanchez@email.com','contraseña123',1,'2025-03-18 22:26:18'),(4,'Laura Gómez','laura.gomez@email.com','contraseña123',1,'2025-03-18 22:26:18'),(5,'Pedro Martínez','pedro.martinez@email.com','contraseña123',1,'2025-03-18 22:26:18'),(9,'rolero','rolero@uv.mx','$2b$08$E3rP370R6J2ukMqpcN08L.5wOypkCVpyzI0VWurcus/uZn9JoLVY.',1,'2025-04-06 05:39:02'),(10,'Rolo admin12','prueba@admin','$2b$08$Kfb0SPr7o/SoAasCdqdJ8.KNSPEWLKH6R10GVbLmr1Qn/3r3AuFnK',1,'2025-04-13 00:00:10'),(11,'Rolerito','Rolerito@missher','$2b$08$25CfcmSbc6npC.yx2vejnOXpbNFuAcedHW9Mu9dy/nK5q.LnYjMSK',1,'2025-04-16 04:23:48'),(13,'Julio aldair','prueba@owo','$2b$08$pwa4TzS99sw8.ZZYvl.rSOOzRBobSMScwCQy.lBkxnSaicIHeP3RK',1,'2025-04-16 22:25:45'),(14,'Luis Ignacio','tellorobles@gmail.com','$2b$08$fsh0yIJjXcWn0Isx3wQldeV8hpThyOH.3Rgd/JpQTc/k3.EWjsqH.',1,'2025-04-20 18:03:03'),(15,'Jesus','felipedejesuslucidolozano@gmail.com','$2b$08$2.ND2OQa4sKY5X0r4iW5E.KqT0rsZcDJEfiIDmyh59sfjcXmIf.Ye',1,'2025-04-20 21:07:45'),(16,'Rolero','alda@prueba','$2b$08$Zhm7cJwQlNqT6.9fcurxx.mjCTP1kSOuWLLSZMPXIuKtIzbNTrOUW',1,'2025-04-21 17:37:25'),(17,'Hector Aaron Valdes Morales','vhectoraaron@gmail.com','$2b$08$Gz4qTlVOAxhOaQSmjcQHvOoXuY5RVWaWAaGVvWGwFdfrKV69sHlcq',1,'2025-04-21 18:47:24'),(18,'abisai','abisai@gmail.com','$2b$08$502mkQepJtLVsYEoJSBWwetQvNlciLtMHGrYU9d5dK334mqR5JXPC',1,'2025-04-21 23:07:53'),(19,'Edgar 2','champicoaps@gmail.com','$2b$08$DDDQZ3WYqq7dDbxCTywEaO6iboh3vxYVrdImh.Zhp8idHfsy4OdGC',1,'2025-04-21 23:11:25');
/*!40000 ALTER TABLE `usuarios` ENABLE KEYS */;
UNLOCK TABLES;

--
-- Temporary view structure for view `vista_ahorro_alertas`
--

DROP TABLE IF EXISTS `vista_ahorro_alertas`;
/*!50001 DROP VIEW IF EXISTS `vista_ahorro_alertas`*/;
SET @saved_cs_client     = @@character_set_client;
/*!50503 SET character_set_client = utf8mb4 */;
/*!50001 CREATE VIEW `vista_ahorro_alertas` AS SELECT 
 1 AS `usuario_id`,
 1 AS `limite_consumo`,
 1 AS `modo_ahorro`,
 1 AS `mensaje`,
 1 AS `nivel`,
 1 AS `fecha`*/;
SET character_set_client = @saved_cs_client;

--
-- Final view structure for view `vista_ahorro_alertas`
--

/*!50001 DROP VIEW IF EXISTS `vista_ahorro_alertas`*/;
/*!50001 SET @saved_cs_client          = @@character_set_client */;
/*!50001 SET @saved_cs_results         = @@character_set_results */;
/*!50001 SET @saved_col_connection     = @@collation_connection */;
/*!50001 SET character_set_client      = utf8mb4 */;
/*!50001 SET character_set_results     = utf8mb4 */;
/*!50001 SET collation_connection      = utf8mb4_0900_ai_ci */;
/*!50001 CREATE ALGORITHM=UNDEFINED */
/*!50013 DEFINER=`root`@`localhost` SQL SECURITY DEFINER */
/*!50001 VIEW `vista_ahorro_alertas` AS select `ca`.`usuario_id` AS `usuario_id`,`ca`.`limite_consumo` AS `limite_consumo`,`ca`.`modo_ahorro` AS `modo_ahorro`,`a`.`mensaje` AS `mensaje`,`a`.`nivel` AS `nivel`,`a`.`fecha` AS `fecha` from (`configuracion_ahorro` `ca` join `alertas` `a` on((`ca`.`usuario_id` = `a`.`usuario_id`))) */;
/*!50001 SET character_set_client      = @saved_cs_client */;
/*!50001 SET character_set_results     = @saved_cs_results */;
/*!50001 SET collation_connection      = @saved_col_connection */;
/*!40103 SET TIME_ZONE=@OLD_TIME_ZONE */;

/*!40101 SET SQL_MODE=@OLD_SQL_MODE */;
/*!40014 SET FOREIGN_KEY_CHECKS=@OLD_FOREIGN_KEY_CHECKS */;
/*!40014 SET UNIQUE_CHECKS=@OLD_UNIQUE_CHECKS */;
/*!40101 SET CHARACTER_SET_CLIENT=@OLD_CHARACTER_SET_CLIENT */;
/*!40101 SET CHARACTER_SET_RESULTS=@OLD_CHARACTER_SET_RESULTS */;
/*!40101 SET COLLATION_CONNECTION=@OLD_COLLATION_CONNECTION */;
/*!40111 SET SQL_NOTES=@OLD_SQL_NOTES */;

-- Dump completed on 2025-04-22 12:06:07
